Item,Grupo,Descrição,Descrição Detalhada,Quantidade,Unidade de Fornecimento,Valor Estimado,Situação,Empresa,Melhor Lance,Valor Negociado
13,-,Canaleta,"Canaleta Referência: Sistema ""X"" , Material: Pvc - Cloreto De Polivinila , Aplicação: Instalação Elétrica , Cor: Cinza , Dimensões: 50 X 12 X 2000 MM, Tipo: Com Tampa , Características Adicionais: Para Piso Com 01 Divisão Tipo Dp 2",501,Unidade,"32,5000",Cancelado no julgamento,,,
14,-,Canaleta,"Canaleta Material: Pvc Auto-Extinguível , Aplicação: Instalação Elétrica E Lógica , Dimensões: (Axlxc) 14 X 52 X 2000 MM, Tipo: Com Tampa E Três Divisões , Características Adicionais: Para Piso, Suporta Alto Impacto",491,Unidade,"34,9000",Cancelado no julgamento,,,
16,-,Canaleta,"Canaleta Material: Termoplástico Autoextinguível , Aplicação: Instalação Elétrica , Cor: Branca , Dimensões: 20x12x2000 (Lxaxc) MM, Tipo: Com Tampa , Características Adicionais: Sem Divisória / Com Adesivo Dupla Face",1.123,Unidade,"10,1900",Homologado,,,
38,-,Cabeçote eletroduto,"Cabeçote Eletroduto Material: Alumínio , Tipo: Encaixe , Características Adicionais: Com Parafusos , Bitola: 1 1/2 PO",30,Unidade,"3,9500",Cancelado no julgamento,,,
39,-,Cabeçote eletroduto,"Cabeçote Eletroduto Material: Alumínio , Tipo: Encaixe , Características Adicionais: Com Parafusos , Bitola: 1 PO",30,Unidade,"6,1200",Cancelado no julgamento,,,
40,-,Cabeçote eletroduto,"Cabeçote Eletroduto Material: Alumínio , Tipo: Encaixe , Características Adicionais: Com Parafusos , Bitola: 2 PO",30,Unidade,"8,5900",Cancelado no julgamento,,,
41,-,Cabeçote eletroduto,"Cabeçote Eletroduto Material: Alumínio , Tipo Fixação: Encaixe , Bitola: 3/4 PO",20,Unidade,"3,9000",Cancelado no julgamento,,,
42,-,Cabeçote eletroduto,"Cabeçote Eletroduto Material: Pvc , Bitola: 1 1/2 PO",20,Unidade,"1,8700",Cancelado no julgamento,,,
43,-,Cabeçote eletroduto,"Cabeçote Eletroduto Material: Pvc , Bitola: 2 PO",20,Unidade,"6,3000",Cancelado no julgamento,,,
44,-,Cabo áudio e vídeo,"Cabo Áudio E Vídeo Aplicação: Caixa/Mesa Som , Comprimento: 15 M, Tipo Cabo: P10/Xlr Macho",49,Unidade,"102,6900",Homologado,,,
45,-,Cabo áudio e vídeo,"Cabo Áudio E Vídeo Aplicação: Caixa/Mesa Som , Comprimento: 15 M, Tipo Cabo: Xlr Fêmea/Xlr Macho",46,Unidade,"145,3300",Homologado,,,
46,-,Cabo Áudio E Vídeo,"Cabo Áudio E Vídeo Material Cobertura: Pvc Emborrachado , Aplicação: Microfone , Comprimento: 1 M, Material Condutor: Cobre , Material Isolamento Condutor: Pvc , Acessórios: Conector Xlr",16,Unidade,"72,0000",Homologado,,,
47,-,Cabo áudio e vídeo,"Cabo Áudio E Vídeo Material Cobertura: Pvc Emborrachado , Aplicação: Microfone , Comprimento: 20 M, Material Condutor: Cobre , Material Isolamento Condutor: Pvc , Acessórios: Conector Xlr Macho E Fêmea",31,Unidade,"147,4500",Homologado,,,
50,-,Microfone,"Microfone Material: Corpo De Metal , Resposta Freqüência: 55-18000 HZ, Aplicação: Auditório , Tipo Receptor: Padrão Rack 19 Polegadas Com 2 Antenas , Alcance: Mínimo 100 M, Referência Fabricante: Beyerdinamic Ne 900d , Alimentação Externa Receptor: 110/220 V, Alimentação Receptor: 3 V, Relação Sinal / Ruido: Menor Que 110 DB, Potência De Saída: Mínima 10 MW, Cor: Preta , Tipo: De Mão , Características Adicionais: Uhf, Kit De Montagem , Padrão: Polar Hipercardióide",18,Unidade,"1.436,9400",Homologado,,,
52,-,Microfone,"Microfone Material: Corpo Em Alumínio , Resposta Freqüência: Uhf Acima De 700 Mhz MHZ, Sensibilidade: +/- 3 DB, Aplicação: Auditório , Tipo Receptor: Uhf , Alcance: 50 M, Cor: Preta , Tipo: Sem Fio , Alimentação: Pilha , Padrão: Polar Cardióide",16,Unidade,"454,6900",Homologado,,,
54,-,Pedestal caixa acústica,"Pedestal Caixa Acústica Altura: Aberto Máx. 1,90m Fechado Máx. 1,60 M, Cor: Preta , Material Haste: Aço Carbono",20,Unidade,"142,5600",Homologado,,,
55,-,Pedestal microfone,"Pedestal Microfone Acabamento Superficial: Pintura Eletrostática , Formato Base: Redondo , Cor: Preta , Tipo: De Mesa , Tipo Haste: Flexível Com Suporte , Comprimento Haste: 30 CM, Material Base Sustentação: Ferro",19,Unidade,"62,6000",Homologado,,,
56,-,Pedestal microfone,"Pedestal Microfone Acabamento Superficial: Pintura Eletrostática , Altura: 1,95 M, Formato Base: Tripé Dobrável , Tipo: Girafa , Características Adicionais: Haste Com Regulagem De Altura E Inclinação , Tipo Haste: Telescópica , Material Base Sustentação: Aço Carbono",20,Unidade,"130,0000",Homologado,,,
65,-,Conector aterramento,"Conector Aterramento Material: Liga Cobre , Fixação Dos Condutores: Por 1 Parafuso , Normas Técnicas: Nema Cc1 , Características Condutores: 1 Cabo Cu 8-2 Awg A Haste 16 Mm , Conexão: Cabo A Haste , Material Elemento Fixação: Liga De Cobre",59,Unidade,"4,7700",Cancelado no julgamento,,,
66,-,Conector aterramento,"Conector Aterramento Material: Liga Cobre , Fixação Dos Condutores: Por Grampo U, Porca E Arruela De Pressão , Tratamento Superficial: Estanhado , Características Condutores: 2 Cabos 16-70mm2 , Conexão: Cabo A Haste , Material Elemento Fixação: Aço Carbono Zincado A Quente",59,Unidade,"14,0000",Cancelado no julgamento,,,
71,-,Conector elétrico,"Conector Elétrico Material: Cobre Eletrolítico , Aplicação: Manutenção Elétrica , Tipo: Split Bolt , Característica Condutor: Cabo - 95mm²",77,Unidade,"18,5000",Homologado,,,
72,-,Conector elétrico,"Conector Elétrico Material: Cobre Eletrolítico , Aplicação: Manutenção Elétrica , Tipo: Split Bolt , Característica Condutor: Fio Até 10mm2",94,Unidade,"5,9900",Cancelado no julgamento,,,
73,-,Conector elétrico,"Conector Elétrico Tipo: Split Bolt , Característica Condutor: Cabo - 25mm2",66,Unidade,"8,8200",Cancelado no julgamento,,,
74,-,Conector elétrico,"Conector Elétrico Tipo: Split Bolt , Característica Condutor: Cabo - 35mm2",66,Unidade,"9,9400",Cancelado no julgamento,,,
75,-,Conector elétrico,"Conector Elétrico Tipo: Split Bolt , Característica Condutor: Cabo - 50mm2",66,Unidade,"12,7000",Cancelado no julgamento,,,
76,-,Conector elétrico,"Conector Elétrico Tipo: Split Bolt , Característica Condutor: Cabo - 70mm2",66,Unidade,"13,7000",Cancelado no julgamento,,,
89,-,Conexão eletrocalha,"Conexão Eletrocalha Material: Aço Galvanizado , Aplicação: Eletrocalha De 100 X 50 Mm , Tipo: Saída Horizontal Para Eletroduto , Bitola: 1 PO",30,Unidade,"3,5000",Cancelado no julgamento,,,
90,-,Conexão Eletrocalha,"Conexão Eletrocalha Material: Aço Galvanizado , Aplicação: Eletrocalha De 100 X 50 Mm , Tipo: Saída Horizontal Para Eletroduto , Bitola: 3/4 PO",30,Unidade,"3,9700",Cancelado no julgamento,,,
91,-,Conexão eletrocalha,"Conexão Eletrocalha Material: Aço Galvanizado , Aplicação: Eletrocalha De 100 X 50 Mm , Tipo: Saída Vertical",30,Unidade,"1,7800",Cancelado no julgamento,,,
92,-,Conexão eletrocalha,"Conexão Eletrocalha Material: Aço Galvanizado , Aplicação: Eletrocalha De 100 X 50 Mm , Tipo: Saída Vertical Para Eletroduto , Bitola: 1 PO",30,Unidade,"1,7400",Cancelado no julgamento,,,
93,-,Conexão eletrocalha,"Conexão Eletrocalha Material: Aço Galvanizado , Aplicação: Cabeamento Lógico E Elétrico , Tipo: Terminal (Fechamento) , Tamanho: 200 X 50 MM, Características Adicionais: Com Tampa Galvanizada",10,Unidade,"4,3900",Cancelado no julgamento,,,
102,-,Disjuntor baixa tensão,"Disjuntor Baixa Tensão Referência: Sistema N , Número De Fases: Trifásico , Curva De Disparo: C , Corrente Nominal: 16",235,Unidade,"64,9400",Homologado,,,
103,-,Disjuntor baixa tensão,"Disjuntor Baixa Tensão Aplicação: Sistema De Ar Condicionado , Número De Fases: Trifásico , Curva De Disparo: C , Corrente Nominal: 10 A, Freqüência Nominal: 50/60 HZ, Funcionamento: Termomagnético , Padrão: Din , Tensão Nominal: 415",265,Unidade,"48,0000",Homologado,,,
104,-,Disjuntor baixa tensão,"Disjuntor Baixa Tensão Referência: Siemens , Aplicação: Sistema De Ar Condicionado , Número De Fases: Trifásico , Curva De Disparo: C , Corrente Nominal: 20 A, Funcionamento: Termomagnético , Padrão: Din",275,Unidade,"47,9000",Homologado,,,
105,-,Disjuntor baixa tensão,"Disjuntor Baixa Tensão Referência: Siemens , Aplicação: Sistema De Ar Condicionado , Número De Fases: Trifásico , Curva De Disparo: C , Corrente Nominal: 25 A, Funcionamento: Termomagnético , Padrão: Din",260,Unidade,"40,4700",Homologado,,,
106,-,Disjuntor baixa tensão,"Disjuntor Baixa Tensão Modelo: Caixa Moldada X160 3p3d , Número Pólos: 3 , Tensão Máxima Operação: 220/440 V, Capacidade Interrupção Simétrica: 18 KA, Referência 1: Hda032l (Eletromar Hager) , Número De Fases: Trifásico , Corrente Nominal: 32 A, Freqüência Nominal: 50/60 HZ, Funcionamento: Termomagnético",206,Unidade,"45,0000",Cancelado no julgamento,,,
107,-,Disjuntor baixa tensão,"Disjuntor Baixa Tensão Número De Fases: Trifásico , Corrente Nominal: 30 A, Funcionamento: Termomagnético , Tensão Nominal: 220",185,Unidade,"34,8900",Homologado,,,
108,-,Disjuntor baixa tensão,"Disjuntor Baixa Tensão Referência: Fwf 3040l (Eletromar) , Capacidade Interrupção Simétrica: 65 KA, Característica: Caixa Moldada , Número De Fases: Trifásico , Corrente Nominal: 40 A, Funcionamento: Termomagnético",95,Unidade,"352,4400",Homologado,,,
109,-,Disjuntor baixa tensão,"Disjuntor Baixa Tensão Acionamento: Alavanca , Modelo: Caixa Moldada , Número Pólos: 3 , Tensão Máxima Operação: 500 VCA, Corrente Nominal: 50 A, Freqüência Nominal: 50/60 HZ, Funcionamento: Termomagnético , Operação: Manual",85,Unidade,"159,0000",Homologado,,,
110,-,Disjuntor baixa tensão,"Disjuntor Baixa Tensão Capacidade Interrupção Simétrica: 5 Ka/220 VCA, Número De Fases: Trifásico , Corrente Nominal: 60 A, Funcionamento: Termomagnético , Tensão Nominal: 220",70,Unidade,"28,9500",Cancelado no julgamento,,,
111,-,Disjuntor baixa tensão,"Disjuntor Baixa Tensão Referência: Fwf 3080l (Eletromar) , Capacidade Interrupção Simétrica: 65 KA, Característica: Caixa Moldada , Número De Fases: Trifásico , Corrente Nominal: 80 A, Funcionamento: Termomagnético",65,Unidade,"189,5000",Cancelado no julgamento,,,
112,-,Disjuntor baixa tensão,"Disjuntor Baixa Tensão Modelo: Caixa Moldada , Número Pólos: 3 , Tensão Máxima Operação: 380 VCA, Capacidade Interrupção Simétrica: 5/220 KA/VCA, Corrente Nominal: 25 A, Freqüência Nominal: 60 HZ, Funcionamento: Termomagnético , Normas Técnicas: Nbr 60.898",95,Unidade,"346,2600",Homologado,,,
113,-,Disjuntor baixa tensão,"Disjuntor Baixa Tensão Acionamento: Alavanca , Modelo: Caixa Moldada , Número Pólos: 3 , Aplicação: Para Barramento Tipo Din , Número De Fases: Trifásico , Corrente Nominal: 32 A, Funcionamento: Termomagnético , Operação: Manual , Tensão Nominal: 127/220",77,Unidade,"45,0000",Cancelado no julgamento,,,
115,-,Disjuntor baixa tensão,"Disjuntor Baixa Tensão Tensão Máxima Operação: 127/220 V, Aplicação: Instalações Elétricas , Número De Fases: Tripolar , Curva De Disparo: C , Corrente Nominal: 100 A, Funcionamento: Termomagnético , Padrão: Din",95,Unidade,"146,9200",Homologado,,,
119,-,Disjuntor baixa tensão,"Disjuntor Baixa Tensão Tensão Máxima Operação: 127/220 V, Aplicação: Instalações Elétricas , Número De Fases: Monopolar , Curva De Disparo: C , Corrente Nominal: 4 A, Funcionamento: Termomagnético , Padrão: Din",16,Unidade,"47,5000",Homologado,,,
120,-,Disjuntor Baixa Tensão,"Disjuntor Baixa Tensão Tensão Máxima Operação: 127/220 V, Aplicação: Instalações Elétricas , Número De Fases: Tripolar , Curva De Disparo: C , Corrente Nominal: 40 A, Funcionamento: Termomagnético , Padrão: Din",71,Unidade,"50,0000",Homologado,,,
121,-,Disjuntor baixa tensão,"Disjuntor Baixa Tensão Tensão Máxima Operação: 127/220 V, Aplicação: Instalações Elétricas , Número De Fases: Tripolar , Curva De Disparo: C , Corrente Nominal: 50 A, Funcionamento: Termomagnético , Padrão: Din",71,Unidade,"65,0600",Homologado,,,
122,-,Disjuntor Baixa Tensão,"Disjuntor Baixa Tensão Tensão Máxima Operação: 127/220 V, Aplicação: Instalações Elétricas , Número De Fases: Monopolar , Curva De Disparo: C , Corrente Nominal: 6 A, Funcionamento: Termomagnético , Padrão: Din",5,Unidade,"19,0100",Cancelado no julgamento,,,
123,-,Disjuntor baixa tensão,"Disjuntor Baixa Tensão Tensão Máxima Operação: 127/220 V, Aplicação: Instalações Elétricas , Número De Fases: Tripolar , Curva De Disparo: C , Corrente Nominal: 63 A, Funcionamento: Termomagnético , Padrão: Din",25,Unidade,"91,6500",Homologado,,,
124,-,Disjuntor-motor,"Disjuntor-Motor Faixa De Ajuste De Corrente: 10 A 16 A, Disparador: Térmico",37,Unidade,"158,5800",Homologado,,,
125,-,Disjuntor-motor,"Disjuntor-Motor Faixa De Ajuste De Corrente: 20 A 25 A, Disparador: Térmico",36,Unidade,"334,9900",Homologado,,,
126,-,Disjuntor-motor,"Disjuntor-Motor Faixa De Ajuste De Corrente: 30 A 40 A, Disparador: Térmico",20,Unidade,"259,4000",Cancelado no julgamento,,,
127,-,Disjuntor-motor,"Disjuntor-Motor Número Pólos: 3 , Tensão Trabalho: 690 V, Categoria: Ac-3 , Linha: Gv2me32 (Schneider) , Faixa De Ajuste De Corrente: 24 - 32 A, Disparador: Termomagnético , Corrente De Disparo: 416 A, Corrente Nominal: (Lth) 32 A, Tipo Fixação: Por Parafusos , Frequência Nominal: 50/60 HZ, Vida Mecânica: 100.000 De Manobras",10,Unidade,"184,4500",Homologado,,,
128,-,Disjuntor-motor,"Disjuntor-Motor Faixa De Ajuste De Corrente: 37 A 50 A, Disparador: Térmico",25,Unidade,"1.399,9900",Homologado,,,
131,-,Eletroduto,"Material: Polietileno Alta Densidade, Aplicação: Cabo Subterrâneo, Referência Fabricante: Kanaflex, Cor: Preta, Tipo: Corrugado, Características Adicionais: Flexível ,Impermeavel E Esforço Com Compressão Dia, Diâmetro Nominal: 1 1/2 POL, Acessórios: Guia,",280,Metro,"5,3800",Homologado,,,
132,-,Eletroduto,"Material: Polietileno Alta Densidade, Aplicação: Cabo Subterrâneo, Referência Fabricante: Kanaflex, Cor: Preta, Tipo: Corrugado, Características Adicionais: Flexível ,Impermeavel E Esforço Com Compressão Dia, Diâmetro Nominal: 2 POL, Acessórios: Guia,",202,Metro,"5,4000",Cancelado no julgamento,,,
133,-,Eletroduto,"Eletroduto Material: Polietileno Alta Densidade , Aplicação: Cabo Subterrâneo , Cor: Preta , Tipo: Corrugado , Características Adicionais: Flexível ,Impermeavel E Esforço Com Compressão Dia , Normas Técnicas: Nbr15715 , Diâmetro Nominal: 1 POL, Acessórios: Guia",120,Metro,"14,6700",Cancelado no julgamento,,,
138,-,Eletroduto,"Revestimento: Pvc, Material: Aço Galvanizado, Cor: Preta, Tipo: Flexível, Diâmetro Nominal: 2 POL,",60,Metro,"77,0000",Homologado,,,
141,-,Eletroduto,"Eletroduto Material: Metálico , Tipo: Flexível Sealtube , Diâmetro Nominal: 4 PO",1,Metro,"0,0001",Cancelado no julgamento,,,
144,-,Fita isolante elétrica,"Fita Isolante Elétrica Material Básico: Borracha Etileno-Propileno (Epr) Autofusão , Resistência À Tensão: Até 69.000 V, Largura Nominal: 19 MM, Cor: Preta , Comprimento Nominal: 20",248,Unidade,"8,8800",Cancelado no julgamento,,,
150,-,Fita isolante elétrica,"Fita Isolante Elétrica Material Básico: Pvc Auto-Extinguível , Resistência À Tensão: Até 750 V, Largura Nominal: 19 MM, Espessura Nominal: 0,19 MM, Cor: Preta , Comprimento Nominal: 20 M, Classe Temperatura: 105 °",700,Unidade,"28,9200",Homologado,,,
151,-,Interruptor,"Interruptor Material: Termoplástico Auto-Extinguível , Acabamento: Com Placa E Parafuso , Aplicação: Caixa 4 X 2 Pol , Corrente Nominal: 10 A, Tipo: Bipolar  Simples , Características Adicionais: Conjugado Com Placa 4"" X 2"" , Quantidade Seções: 1 UN, Tensão Nominal: 250 V, Tipo Acionamento: Tecla Simples Horizontal , Posição Relativa: Embutir , Formato: Retangular",500,Unidade,"13,8400",Homologado,,,
152,-,Interruptor,"Interruptor Material: Termoplástico Auto-Extinguível , Acabamento: Com Placa E Parafuso , Aplicação: Caixa 4 X 2 Pol , Corrente Nominal: 10 A, Tipo: Bipolar  Simples , Características Adicionais: Conjugado Com Placa 4"" X 2"" , Quantidade Seções: 2 UN, Tensão Nominal: 250 V, Tipo Acionamento: Tecla Simples Horizontal , Posição Relativa: Embutir , Formato: Retangular",465,Unidade,"20,6900",Homologado,,,
153,-,Interruptor,"Interruptor Material: Termoplástico Auto-Extinguível , Acabamento: Com Placa E Parafuso , Corrente Nominal: 10 A, Tipo: Modulado , Características Adicionais: Sistema X , Quantidade Seções: 1 UN, Tensão Nominal: 250 V, Tipo Acionamento: Tecla Simples Horizontal , Posição Relativa: Sobrepor , Formato: Retangular",425,Unidade,"14,8500",Homologado,,,
154,-,Interruptor,"Interruptor Material: Termoplástico Auto-Extinguível , Acabamento: Com Placa E Parafuso , Aplicação: Instalações Elétricas , Corrente Nominal: 10 A, Tipo: Modulado , Características Adicionais: Sistema X , Quantidade Seções: 2 UN, Tensão Nominal: 250 V, Tipo Acionamento: Tecla Simples Horizontal , Posição Relativa: Sobrepor , Formato: Retangular",402,Unidade,"20,4000",Homologado,,,
155,-,Interruptor,"Interruptor Material: Termoplástico Auto-Extinguível , Acabamento: Com Placa E Parafuso , Aplicação: Caixa 4 X 2 Pol , Corrente Nominal: 10 A, Tipo: Paralelo_(Three-Way) , Quantidade Seções: 1 UN, Tensão Nominal: 250 V, Tipo Acionamento: Tecla Simples Vertical , Posição Relativa: Embutir , Formato: Retangular",354,Unidade,"17,7900",Homologado,,,
156,-,Interruptor,"Interruptor Material: Termoplástico Auto-Extinguível , Acabamento: Com Placa E Parafuso , Aplicação: Instalações Elétricas , Corrente Nominal: 10 A, Tipo: Paralelo_(Three-Way) , Quantidade Seções: 1 UN, Tensão Nominal: 250 V, Tipo Acionamento: Tecla Dupla , Posição Relativa: Sobrepor , Formato: Retangular",322,Unidade,"16,8800",Homologado,,,
157,-,Interruptor automático por presença,"Interruptor Automático Por Presença Componentes: 3 Fios, Articulador , Aplicação: Ambiente Interno , Tipo Detecção: Movimento , Ângulo Abertura: 360° , Tensão Nominal: Bivolt V, Tipo Sinalizador: Iluminação",297,Unidade,"36,3800",Homologado,,,
160,-,Lâmpada led,"Lâmpada Led Potência Nominal: 5 W, Cor: Vermelha , Tipo Base: E-27 , Tipo Bulbo: A60 , Tensão Nominal: Bivolt , Frequência Nominal: 60 H",377,Unidade,"13,9200",Homologado,,,
162,-,Luminária,"Luminária Material Corpo: Termoplástico De Engenharia , Material Difusor: Acrílico Transparente , Fixação: Encaixe , Tipo: Tartaruga , Tipo Soquete: Cerâmico Com Base E-27 , Potência Nominal Lâmpada: 100 W, Quantidade Lâmpadas: 1 U",200,Unidade,"13,5800",Homologado,,,
163,-,Luminária,"Luminária Material Corpo: Alumínio , Componentes: Drive Interno , Material Difusor: Policarbonato Leitoso , Fixação: Garra De Pressão Em Aço , Temperatura De Cor: 6500 K, Fluxo Luminoso: 1500 LM, Características Adicionais: Circunf.Frontal 23cm Borda Máx. 5cm , Potência Nominal Lâmpada: 15 W, Tensão Nominal: 220 V, Tipo Lâmpada: Super Led , Posição Relativa: Embutir , Formato: Redondo",120,Unidade,"19,7600",Homologado,,,
164,-,Luminária,"Luminária Material Corpo: Alumínio/Acrílico , Componentes: Drive Interno , Aplicação: Iluminação Interna , Temperatura De Cor: 6.000 K, Fluxo Luminoso: 1.840 LM, Cor: Luz Branca Frio , Potência Nominal Lâmpada: 24 W, Tensão Nominal: Bivolt V, Tipo Lâmpada: Led , Instalação: Teto Ou Parede , Posição Relativa: Embutir , Formato: Quadrado",650,Unidade,"36,9500",Homologado,,,
165,-,Luminária,"Luminária Material Corpo: Alumínio Injetado Alta Pressão , Material Difusor: Policarbonato Leitoso , Aplicação: Iluminação Interna , Temperatura De Cor: 6.000 K, Fluxo Luminoso: 1.400 LM, Cor: Branca , Dimensões: 22 X 22 X 2,5 CM, Tipo: Embutir , Potência Nominal Lâmpada: 18 W, Tensão Nominal: 220 V, Tipo Lâmpada: Led , Posição Relativa: Embutir , Formato: Redondo",383,Unidade,"18,8300",Homologado,,,
166,-,Luminária,"Luminária Material Corpo: Alumínio , Material Difusor: Policarbonato Leitoso , Aplicação: Iluminação Interna , Temperatura De Cor: 6.000 K, Cor: Branca , Dimensões: 22 X 22 X 4 CM, Tipo: Sobrepor , Potência Nominal Lâmpada: 18 W, Tensão Nominal: 220 V, Tipo Lâmpada: Led , Posição Relativa: Sobrepor , Formato: Quadrado",414,Unidade,"15,5000",Homologado,,,
167,-,Luminária,"Luminária Material Corpo: Policarbonato , Material Difusor: Policarbonato , Aplicação: Ambientes Internos E Externos , Dimensões: 30 X 30 X 4 CM, Tipo: Sobrepor , Potência Nominal Lâmpada: 24 W, Tensão Nominal: 100/240 V, Tipo Lâmpada: Led",483,Unidade,"34,3000",Homologado,,,
168,-,Plafonier,"Plafonier Material Corpo: Plástico , Cor: Branca , Características Adicionais: Encaixe De Uma Lâmpada, Base E-27",373,Unidade,"6,1100",Homologado,,,
180,-,Plugue,"Plugue Número Pólos: 2 P + T , Aplicação: Redes Elétricas , Corrente Nominal: 20 A, Tipo: Macho , Características Adicionais: Com Prensa Cabo Diametro Externo Até 8mm, Saída La , Normas Técnicas: Abnt Nbr 14136 , Cor Corpo: Cinza , Tensão Nominal: 250 V, Número Pinos: 3 UN, Formato Pinos: Redondo",580,Unidade,"5,0100",Homologado,,,
181,-,Refletor,"Refletor Material Corpo: Alumínio , Altura: 210 MM, Aplicação: Sistema De Iluminação , Fluxo Luminoso: 18.000 LM, Ângulo De Abertura Da Lente: 120° , Comprimento: 70 MM, Cor: Preta , Tipo: Rgb  200w , Largura: 280 MM, Tensão Alimentação: Bivolt , Tipo Lâmpada: Microled , Grau Proteção: Ip-66 , Formato: Retangular",90,Unidade,"56,5700",Homologado,,,
182,-,Refletor,"Refletor Material Corpo: Alumínio Injetado , Aplicação: Sistema De Iluminação , Temperatura De Cor: 6.500 K, Fluxo Luminoso: 700 LM, Características Adicionais: Haste Direcionável , Tensão Alimentação: Bivolt , Tipo Lâmpada: Led , Potência Lâmpada: 10 W, Grau Proteção: Ip65 (Tabela Ingress Protection)",84,Unidade,"27,2300",Homologado,,,
183,-,Refletor,"Refletor Material Corpo: Alumínio Injetado , Aplicação: Sistema De Iluminação , Temperatura De Cor: 6.500 K, Fluxo Luminoso: 8.000 LM, Características Adicionais: Haste Direcionável , Tensão Alimentação: Bivolt , Tipo Lâmpada: Led , Potência Lâmpada: 100 W, Grau Proteção: Ip65 (Tabela Ingress Protection)",105,Unidade,"59,9000",Homologado,,,
184,-,Refletor,"Refletor Material Corpo: Alumínio Injetado , Aplicação: Sistema De Iluminação , Temperatura De Cor: 6.500 K, Fluxo Luminoso: 2.400 LM, Características Adicionais: Haste Direcionável , Tensão Alimentação: Bivolt , Tipo Lâmpada: Led , Potência Lâmpada: 30 W, Grau Proteção: Ip65 (Tabela Ingress Protection)",163,Unidade,"43,6700",Homologado,,,
185,-,Tampa condulete,"Tampa Condulete Material: Alumínio , Aplicação: Elétrica , Características Adicionais: Cega , Bitola: 1 PO",50,Unidade,"4,4200",Cancelado no julgamento,,,
186,-,Tampa condulete,"Tampa Condulete Material: Alumínio , Aplicação: Instalações Elétricas , Características Adicionais: Cega , Bitola: 3/4 PO",50,Unidade,"5,0600",Cancelado por inexistência de proposta,,,
187,-,Tampa condulete,"Tampa Condulete Material: Alumínio , Cor: Cinza , Características Adicionais: Cega , Bitola: 1 1/2 PO",115,Unidade,"4,7800",Cancelado no julgamento,,,
190,-,Tampa condulete,"Tampa Condulete Material: Pvc , Cor: Cinza , Tamanho: 4 X 2 POL, Características Adicionais: 1 Tomada 2p+T",150,Unidade,"4,7000",Cancelado no julgamento,,,
191,-,Tampa condulete,"Tampa Condulete Material: Pvc Rígido , Aplicação: Elétrica , Cor: Cinza , Características Adicionais: Cega",90,Unidade,"6,0000",Cancelado no julgamento,,,
192,-,Tampa condulete,"Material: Termoplástico, Cor: Cinza, Tamanho: 4 X 2 POL, Características Adicionais: 2 Tomada 2p+T,",110,Unidade,"7,0000",Cancelado no julgamento,,,
193,-,Terminal cabo,"Terminal Cabo Fixação: Compressão , Características Adicionais: Bitola Para Cabo De 10mm",173,Unidade,"1,0500",Cancelado no julgamento,,,
194,-,Terminal cabo,"Terminal Cabo Material: Cobre , Aplicação: Cabo Flexível , Fixação: Compressão , Seção Nominal Condutor: 95 MM",122,Unidade,"10,4000",Cancelado no julgamento,,,
198,-,Conector adaptação terminal,"Conector Adaptação Terminal Uso: Cabo 4,0 Mm2 E 6,0 Mm2 , Tipo Terminal: Garfo",975,Unidade,"0,6500",Homologado,,,
199,-,Terminal cabo,"Terminal Cabo Material: Cobre Estanhado , Fixação: Compressão , Seção Nominal Condutor: 16 MM",661,Unidade,"1,9000",Homologado,,,
200,-,Terminal cabo,"Terminal Cabo Lingueta: Olhal , Seção Nominal Condutor: 10 MM",774,Unidade,"1,8500",Homologado,,,
204,-,Terminal cabo,"Terminal Cabo Material: Cobre , Aplicação: Ar Condicionado Split , Tipo: Olhal , Seção Nominal Condutor: 150 MM",611,Unidade,"26,5300",Cancelado no julgamento,,,
205,-,Terminal elétrico,"Terminal Elétrico Material: Liga De Cobre , Aplicação: Cabo Elétrico , Fixação: Por Compressão , Seção Nominal Condutor: 25 MM",631,Unidade,"5,4900",Homologado,,,
206,-,Terminal elétrico,"Terminal Elétrico Material: Liga De Cobre , Aplicação: Cabo Elétrico , Fixação: Por Compressão , Seção Nominal Condutor: 70 MM",600,Unidade,"10,3100",Homologado,,,
207,-,Terminal elétrico,"Terminal Elétrico Material: Liga De Cobre , Fixação: Por Compressão , Seção Nominal Condutor: 150 MM",600,Unidade,"24,6000",Homologado,,,
209,-,Placa cega,"Placa Cega Referência: Linha Pial Plus , Material: Termoplástico , Aplicação: Caixa 4 X 2 Pol , Cor: Branca",540,Unidade,"4,8700",Homologado,,,
213,-,Estabilizador tensão,"Estabilizador Tensão Bateria: Selada , Tipo Alarme: Led Indicador Bateria Baixa E Sobrecarga , Tensão Alimentação Entrada: 110/220 V, Variação Entrada: +/- 15% , Autonomia Bateria: 20 Min , Quantidade Tomadas Saída: 4 Com 3 Pinos , Características Adicionais: Certificado Inmetro; Garantia 12 Meses , Capacidade Nominal: 600 V",58,Unidade,"420,0000",Homologado,,,
214,-,Estabilizador tensão,"Estabilizador Tensão Capacidade: 1 KVA, Tensão Alimentação Entrada: 110/220 V, Tensão Alimentação Saída: 115 V, Características Adicionais: 4 Tomadas",123,Unidade,"420,8500",Homologado,,,
215,-,Estabilizador tensão,"Estabilizador Tensão Tipo Onda: Senoidal , Tipo: Nobreak , Normas Técnicas: Nbr14136 , Capacidade Nominal: 2 KV",26,Unidade,"2.044,3000",Homologado,,,
216,-,Estabilizador tensão,"Estabilizador Tensão Tipo Onda: Senoidal , Tipo: Nobreak , Capacidade Nominal: 300 A 700 V",21,Unidade,"370,0000",Homologado,,,
217,-,Estabilizador tensão,"Estabilizador Tensão Tensão Alimentação Entrada: Bivolt V, Quantidade Tomadas Saída: 8 , Tipo: Nobreak , Capacidade Nominal: 1.500 V",33,Unidade,"765,0000",Homologado,,,
218,-,Estabilizador tensão,"Estabilizador Tensão Bateria: Selada , Tensão Alimentação Entrada: 220 V, Autonomia Bateria: 20 Min , Quantidade Tomadas Saída: 6 , Tipo Onda: Senoidal Pura E Com Controle Digital , Tipo: On Line Dupla Conversão , Freqüência: 60 HZ, Tensão Saída: 110 V, Capacidade Nominal: 3 KV",18,Unidade,"2.250,0000",Homologado,,,
219,-,Estabilizador tensão,"Estabilizador Tensão Bateria: Selada , Tensão Alimentação Entrada: Bivolt V, Quantidade Tomadas Saída: 4 , Tipo: Nobreak Senoidal , Características Adicionais: Proteção Contra Sobretensão E Sobrecarga/Filtro De , Tensão Saída: 115 V, Capacidade Nominal: 1.200 KV",24,Unidade,"558,0000",Homologado,,,
221,-,Fonte auxiliar partida,"Fonte Auxiliar Partida Componentes: Carregador Inteligente/Cabo Macho-Macho , Finalidade: Veículo Automotor , Altura: 290 MM, Corrente De Partida: 460 A, Comprimento: 290 MM, Largura: 200 MM, Tensão Saída: 12 VDC, Corrente Saída: 40 AH, Peso: 10 K",3,Unidade,"2.421,4200",Homologado,,,
222,-,Carregador bateria,"Carregador Bateria Tipo Bateria: Recarregáveis Ni-Mh/Ni-Cd , Aplicação: Material De Informática , Capacidade: 2 Ou 4 Pilhas Aa/Aaa. , Características Adicionais: Fonte De Alimentação Ac/D, Proteção Contra Inversã",50,Unidade,"799,9000",Homologado,,,
223,-,Carregador bateria,"Carregador Bateria Tipo Bateria: Recarregáveis Aa, Aaa E 12 Volts , Aplicação: Bateria De 12 Volts Veicular , Capacidade: 2 Baterias , Velocidade Carga: Lenta E Rápida , Dimensões: 80 X 27 X 35 CM, Tipo: Portátil , Características Adicionais: Contém Auxiliador Partida E Teste De 12 Até 100a/H , Tensão Alimentação: 110 / 220",6,Unidade,"39,0000",Cancelado no julgamento,,,
224,-,Bateria automotiva,"Bateria Automotiva Aplicação: No-Break , Tipo: Selada , Tensão Nominal: 12 V, Sistema Eletroquímico: Chumbo-Ácido , Capacidade Nominal: 9 A",36,Unidade,"1.050,0000",Cancelado no julgamento,,,
225,-,Bateria não recarregável,"Bateria Não Recarregável Aplicação: Multímetro E Testador De Cabo , Tipo: Alcalina , Voltagem: 9",177,Unidade,"175,0000",Cancelado no julgamento,,,
230,-,Extensão elétrica,"Extensão Elétrica Componentes: 3 Tomadas, 2p+T. , Número Pólos: 2 , Seção Nominal: 2,50 MM2, Formação Do Cabo: Dupla Isolação, 20a, Bivolt V F . MM2, Comprimento: 20 M, Cor: Preto , Tipo: Pp Carretel , Potência Máxima: 110v-1.650w / 220v-3.300w",251,Unidade,"136,3000",Homologado,,,
231,-,Resistência elétrica,"Resistência Elétrica Uso: Chuveiro Elétrico , Compatibilidade: Modelo 020 , Potência: 4.400 W, Tensão: 220 VOL",58,Unidade,"24,3000",Homologado,,,
232,-,Resistência elétrica,"Resistência Elétrica Potência Nominal: 4000 W, Aplicação: Chuveiro Elétrico, Super Ducha Fame , Tensão Nominal: 220",88,Unidade,"35,0000",Homologado,,,
233,-,Resistência elétrica,"Resistência Elétrica Potência Nominal: 5500 W, Aplicação: Chuveiro Elétrico, Marca Lorenzetti , Características Adicionais: 3 Temperaturas , Tensão Nominal: 220",182,Unidade,"33,3500",Homologado,,,
234,-,Resistência elétrica,"Resistência Elétrica Potência Nominal: 4500 W, Uso: Chuveiro Elétrico , Aplicação: Maxi Ducha Lorenzeti , Características Adicionais: 3 Temperaturas , Tensão Nominal: 220",153,Unidade,"13,1500",Cancelado no julgamento,,,
235,-,Resistência Elétrica,"Resistência Elétrica Potência Nominal: 5700 W, Aplicação: Ducha Marca Hydra , Referência Fabricante: Gorducha 4t , Tensão Nominal: 220",47,Unidade,"21,7500",Cancelado no julgamento,,,
236,-,Cabo elétrico flexível,"Cabo Elétrico Flexível Tensão Isolamento: > Ou = 750 V, Material Do Condutor: Cobre , Formação Do Cabo: 3 X 2,5 MM2, Tipo: Pp Trifásico",1.700,Metro,"6,0000",Homologado,,,
239,-,Cabo elétrico flexível,"Cabo Elétrico Flexível Material Cobertura: Pvc , Tensão Isolamento: 750 V, Têmpera Condutor: Mole , Material Do Condutor: Cobre , Formação Do Cabo: 4 X 4 MM2, Tipo: Pp , Características Adicionais: Certificação Inmetro , Material Isolamento: Pvc Anti-Chama",1.075,Metro,"10,2000",Homologado,,,
240,-,Cabo elétrico flexível,"Cabo Elétrico Flexível Material Cobertura: Pvc , Temperatura Operação: 70 °C, Tensão Isolamento: 750 V, Têmpera Condutor: Mole , Material Do Condutor: Cobre Eletrolítico , Formação Do Cabo: 4 X 2,5 MM2, Cor Da Isolação: Azul, Preta, Branca E Vermelha , Tipo: Pp , Normas Técnicas: Nbr13249 , Material Isolamento: Pvc Anti-Chama",1.150,Metro,"10,9000",Homologado,,,
241,-,Cabo elétrico flexível,"Cabo Elétrico Flexível Material Cobertura: Composto Termoplástico Antichama , Formação Condutor: 2 X 4 MM, Tensão Isolamento: 750 V, Material Do Condutor: Cobre , Tipo: Pp Multipolar",1.130,Metro,"10,0000",Homologado,,,
242,-,Cabo elétrico flexível,"Cabo Elétrico Flexível Tensão Isolamento: 750 V, Material Do Condutor: Cobre Eletrolítico , Formação Do Cabo: 3 X 6 MM2, Tipo: Pp Multipolar",1.080,Metro,"14,8600",Homologado,,,
243,-,Cabo elétrico flexível,"Cabo Elétrico Flexível Tensão Isolamento: 750 V, Material Do Condutor: Cobre , Formação Do Cabo: 3 X 4 MM2, Tipo: Pp Trifásico",1.150,Metro,"8,4000",Homologado,,,
244,-,Cabo elétrico flexível,"Cabo Elétrico Flexível Formação Condutor: 5 X 2,5 MM, Material Do Condutor: Cobre , Tipo: Pp",1.050,Metro,"12,5300",Homologado,,,
245,-,Cabo elétrico flexível,"Cabo Elétrico Flexível Temperatura Operação: Sobrecarga: 100°C Curto-Circuito: 160 °C, Têmpera Condutor: Mole , Classe Encordoamento: 2 , Material Do Condutor: Cobre , Formação Do Cabo: 2 X 6 MM2, Tipo: Pp Bipolar , Material Isolamento: Composto Termoplástico Pvc Antichama",910,Metro,"8,8000",Homologado,,,
246,-,Cabo elétrico flexível,"Cabo Elétrico Flexível Formação Condutor: 3 X 10 MM, Material Do Condutor: Cobre , Tipo: Pp Multipolar , Material Isolamento: Pvc Anti-Chama",830,Metro,"24,6600",Homologado,,,
248,-,Cabo elétrico flexível,"Cabo Elétrico Flexível Referência: Cabo Exprotemax Gsett Iris Tech Epr 06/1kv , Material Cobertura: Epr Anti-Chama , Tensão Isolamento: 1 KV, Seção Nominal: 16 MM2, Têmpera Condutor: Mole , Material Do Condutor: Cobre Nu , Cor Da Cobertura: Preto, Azul-Claro E Verde , Tipo: Unipolar , Características Adicionais: Extra Flexível",295,Metro,"12,0000",Homologado,,,
249,-,Cabo elétrico flexível,"Cabo Elétrico Flexível Referência: Cabo Exprotemax Gsett Iris Tech Epr 06/1kv , Material Cobertura: Epr Anti-Chama , Tensão Isolamento: 1 KV, Seção Nominal: 25 MM2, Têmpera Condutor: Mole , Material Do Condutor: Cobre Nu , Cor Da Cobertura: Preto, Azul-Claro E Verde , Tipo: Unipolar , Características Adicionais: Extra Flexível",580,Metro,"17,9000",Homologado,,,
250,-,Cabo elétrico flexível,"Cabo Elétrico Flexível Referência: Cabo Exprotemax Gsett Iris Tech Epr 06/1kv , Material Cobertura: Epr Anti-Chama , Tensão Isolamento: 1 KV, Seção Nominal: 35 MM2, Têmpera Condutor: Mole , Material Do Condutor: Cobre Nu , Cor Da Cobertura: Preto, Azul-Claro E Verde , Tipo: Unipolar , Características Adicionais: Extra Flexível",570,Metro,"26,7200",Homologado,,,
251,-,Cabo Elétrico Isolado,"Cabo Elétrico Isolado Tensão Isolamento: 750 V, Seção Nominal: 4 MM2, Têmpera Condutor: Mole , Cor Do Isolamento: Preta Branca Vermelha Verde E Azul , Normas Técnicas: Nbr Nm 247-3; Nm 280 , Material Condutor: Cobre , Material Isolamento: Pvc Flexível Antichama",101,"Rolo 100,00 M","278,3500",Homologado,,,
252,-,Cabo Elétrico Isolado,"Cabo Elétrico Isolado Tensão Isolamento: 750 V, Seção Nominal: 6 MM2, Têmpera Condutor: Mole , Cor Do Isolamento: Preta Branca Vermelha Verde E Azul , Normas Técnicas: Nbr Nm 247-3; Nm 280 , Material Condutor: Cobre , Material Isolamento: Pvc Flexível Antichama",86,"Rolo 100,00 M","340,0000",Homologado,,,
253,-,Cabo elétrico isolado,"Cabo Elétrico Isolado Tensão Isolamento: 750 V, Seção Nominal: 10 MM2, Têmpera Condutor: Mole , Cor Do Isolamento: Preta Branca Vermelha Verde E Azul , Normas Técnicas: Nbr Nm 247-3; Nm 280 , Material Condutor: Cobre , Material Isolamento: Pvc Flexível Antichama",82,"Rolo 100,00 M","539,1500",Homologado,,,
254,-,Cabo Elétrico Isolado,"Cabo Elétrico Isolado Tensão Isolamento: 750 V, Seção Nominal: 2,5 MM2, Têmpera Condutor: Mole , Cor Do Isolamento: Preta Branca Vermelha Verde E Azul , Normas Técnicas: Nbr Nm 247-3; Nm 280 , Material Condutor: Cobre , Material Isolamento: Pvc Flexível Antichama",146,"Rolo 100,00 M","116,7500",Homologado,,,
256,-,Alicate amperímetro,"Alicate Amperímetro Material: Plástico , Voltagem Bateria: 9 V, Corrente: 20 A/ 200 A/ 1.000 A A, Aplicação: Eletricidade , Tipo: Digital , Alimentação: Bateria , Resistência: 2 MOHM, Voltagem: 750v Ac E 1000v Dc",35,Unidade,"110,4300",Homologado,,,
257,-,Alicate bico,"Alicate Bico Material: Aço Cromo Vanádio , Acabamento Superficial: Fosfatizado , Aplicação: Equipamentos E Instações Elétricas , Comprimento: 6 1/4 POL, Tipo: Chato E Longo , Tipo Cabo: Isolado 1.Ooo Volts",76,Unidade,"27,1200",Cancelado no julgamento,,,
258,-,Alicate bico,"Alicate Bico Material: Aço Cromo Vanádio , Aplicação: Manutenção Equipamentos Eletrônicos , Comprimento: 8 POL, Tipo: Fino E Curvo , Tipo Cabo: Isolado",44,Unidade,"90,2400",Homologado,,,
259,-,Alicate de corte,"Alicate De Corte Tipo Corte: Diagonal , Material: Aço Cromo Vanádio , Comprimento: 6 POL, Tipo Cabo: Isolado 1.Ooo Volts , Material Cabo: Plástico",76,Unidade,"27,2400",Homologado,,,
260,-,Alicate descascar fio,"Alicate Descascar Fio Material: Aço , Acabamento: Revestimento Isolado , Comprimento: 112 MM, Características Adicionais: Cabo Utp/Ftp Cftv Rg58/Rg59/Rg62,Cabos Elétricos",33,Unidade,"39,6400",Homologado,,,
262,-,Bolsa ferramenta,"Bolsa Ferramenta Material: Lona , Material Fundo: Plástico Reforçado , Altura: 300 MM, Comprimento: 450 MM, Cor: Preta E Amarela , Tipo: Impermeável , Largura: 200 MM, Características Adicionais: 22 Divisões/Bolsos,12 Interna E 10 Externa , Material Armação: Metal",48,Unidade,"119,2500",Cancelado no julgamento,,,
271,-,Estação solda,"Estação Solda Tipo Corrente: Alternada , Formato Ponta: Cônico , Controle Termostático: Incluído , Valor Resistência: 90 W, Pressão Sucção Sugador: 200 ML/MIN, Aplicação: Soldar/Desoldar Componentes Eletrônicos , Tipo Ponta: Removível , Características Adicionais: Controle De Calor Digital: 200 A 400°C,  Saída  De , Tensão Alimentação: 220 V, Temperatura Máxima: 204 A 454 °",18,Unidade,"347,5000",Cancelado no julgamento,,,
272,-,Fasímetro,"Fasímetro Aplicação: Indicação De Fases Abertas , Escala Medição Tensão Alternada: 600 V, Classe: Nível Segurança Cat.Ii De Precisão Básica 0,05% , Tipo: Portátil , Características Adicionais: Indicadores Led P/ Seqüência Trifásica , Acessórios: Pontas De Prova, Bolsa P/ Transporte E Manual",6,Unidade,"284,3800",Homologado,,,
273,-,Ferro de soldar,"Ferro De Soldar Comprimento Cabo: 100 CM, Formato Ponta: Reta , Aplicação: Serviços De Manutenção , Tipo Ponta: Removível , Características Adicionais: Com Suporte Para Descanso , Potência: 70 W, Material Cabo: Plástico , Tensão: 220",24,Unidade,"49,6300",Cancelado no julgamento,,,
274,-,Megômetro,"Megômetro Aplicação: Medição De Resistência De Isolamento De Cabos , Tensão De Teste: Máximo 5 Kv , Tipo: Portátil E Digital , Características Adicionais: Teste Vida Útil De Cabos, Faixa De Medida De 25 Gi , Acessórios: Bolsa Para Transporte, 2 Jogo Baterias Recarregáve",7,Unidade,"4.140,0000",Homologado,,,
275,-,Multímetro,"Multímetro Sensibilidade: 20 Kohm/V (Dc) E 5 Kohm/V (Ac) , Tensão Ac: 2,5 A 1.000 V, Corrente Dc: 50 Ma A 10 A, Tensão Dc: 250 Mv A 1.000 V, Dimensões: 180 X 140 X 80 MM, Tipo: Analógico E Portátil , Funcionamento: Baterias 1,5v (Aa) , Características Adicionais: Com Proteção De Sobrecarga E Baterias Internas , Tensão: 1.000 V, Peso: 1.400 G, Resistência: 0-2 Kohm A 0-20 MOH",34,Unidade,"58,9900",Homologado,,,
276,-,Sugador solda,"Sugador Solda Temperatura: 380 °C, Material Corpo: Ferro , Pressão Sucção: 500 MMHG, Consumo: 160 W, Cor: Preta , Tensão Alimentação: 220 V, Tipo Funcionamento: Elétrico",1,Unidade,"0,0001",Cancelado no julgamento,,,
277,-,Sugador solda,"Sugador Solda Material Corpo: Plástico , Comprimento: 192 MM, Cor: Azul , Diâmetro Corpo: 22 MM, Tipo Funcionamento: Manual",10,Unidade,"13,4600",Cancelado no julgamento,,,
278,-,Trena eletrônica,"Trena Eletrônica Tipo Visor: Cristal Líquido , Alcance: 100 M, Caracteristicas Adicionais: Função Trilha/Medidas Contínuas/Adaptável A Tripé , Método De Medição: A Laser , Tipo: Digital",18,Unidade,"228,5900",Cancelado no julgamento,,,
279,-,Escada extensível de alumínio,"Material: Alumínio, Tipo Degraus: 2 X 13, Capacidade: 150 KG, Tipo Sapata: Borracha Antiderrapante, Quantidade Degraus: 26 UN, Altura Fechada: 4,16 M, Altura Aberta: 3,89 M, Altura Estendida: 6,88 M, Características Adicionais: Rodízios Na Parte Superior,",19,Unidade,"749,0000",Cancelado no julgamento,,,
282,-,Jogo chave,"Jogo Chave Material: Aço Cromo Vanádio , Componentes: Chave Catraca, 31 Soquetes 1/4"", 4 Soquetes 3/8"" , Quantidade Peças: 40 , Tipo: Chave Catraca Para Soquete Sextavados , Acessórios: Extensão, Adaptador, Estojo",23,Jogo,"79,7700",Cancelado no julgamento,,,
283,-,Jogo chave,"Jogo Chave Material: Aço Cromo Vanádio , Acabamento Superficial: Niquelado E Cromado , Componentes: 7/8"", 15/16"", 1"", 1.1/16"", 1.1/4"", 1.7/16"", 1.1/2"" , Aplicação: Consertos Em Geral , Quantidade Peças: 14 , Tipo: Soquete 3/4"" Estriado , Características Adicionais: Com Catraca Simples , Acessórios: Duas Extensões 8"" E 16""; Um Cabo De Força Em ""T""",23,Jogo,"354,6400",Cancelado no julgamento,,,
284,-,Jogo chave,"Jogo Chave Material: Aço Cromo Vanádio , Componentes: Manivela, Cabo T, Extensão De 5 E 10 Pol, Catraca , Quantidade Peças: 18 , Tipo: Soquete Polegada , Características Adicionais: Com Canhão Extriado Interno De 1 Pol",21,Jogo,"234,4500",Cancelado por inexistência de proposta,,,
285,-,Jogo chave,"Jogo Chave Material: Aço Forjado , Componentes: 4 Chaves Fenda Simples E 4 Chave Fenda Philips , Quantidade Peças: 8 , Tamanho: Variado (Mini E Extra-Longo)",19,Jogo,"60,0000",Cancelado por inexistência de proposta,,,
286,-,Jogo chave,"Jogo Chave Material: Aço Vanádio , Componentes: 1.5,2,2.5,3,4,5,6,7,8,9,10mm, 1/16,5/64,3/32,1/8, , Quantidade Peças: 22 , Tipo: Hexagonal",19,Jogo,"92,9200",Cancelado no julgamento,,,
287,-,Jogo chave,"Material: Aço Cromo Vanádio, Componentes: T6, T7, T8, T9, T10, T15, T20, T25, T27, T30 E T40, Aplicação: Manutenção Equipamento Mecânico / Eletrônico, Quantidade Peças: 11, Tratamento Superficial Ponta: Fosfatizado, Tipo: Torx, Material Cabo: Polipropileno,",29,Jogo,"44,7500",Cancelado por inexistência de proposta,,,
288,-,Chave ajustável,"Material: Aço Cromo Vanádio, Tipo: Inglesa, Tamanho: 8 POL,",19,Unidade,"41,2700",Cancelado no julgamento,,,
291,-,Quadro distribuição,"Material: Pvc, Aplicação: Instalação Elétrica, Fixação: Sobrepor, Quantidade De Disjuntores: 18/24 Disjuntores Dyn, Cor: Branca, Acessórios: Com Barramento Com Porta Transparente,",18,Unidade,"98,4700",Homologado,,,
292,-,Quadro distribuição,"Material: Pvc, Aplicação: Instalação Elétrica, Fixação: Embutir, Quantidade De Disjuntores: 18/24 Disjuntores Dyn, Cor: Branca, Acessórios: Com Barramento Com Porta Transparente,",19,Unidade,"95,0300",Homologado,,,
293,-,Quadro distribuição,"Revestimento: Pvc, Aplicação: Proteção Circuito Elétrico, Barramento: Sem Barramento, Quantidade Ramais: 1, Quantidade Circuitos: 1, Cor: Cinza, Tipo: Sobrepor, Tamanho: 5 X 12 CM, Características Adicionais: Para Disjuntores ""Din"", Quantidade Fases: 1,",69,Unidade,"8,1700",Cancelado por inexistência de proposta,,,
294,-,Abafador ruído auricular,"Abafador Ruído Auricular Material: Polietileno , Uso: Absorção Ruído , Cor: Vermelha , Tamanho: Regulável , Características Adicionais: Nível De Redução Ruído Acima De 85 Db , Formato: Concha",139,Unidade,"31,7900",Cancelado por inexistência de proposta,,,
295,-,Abafador ruído auricular,"Abafador Ruído Auricular Material: Polietileno , Uso: Absorção Ruído , Aplicação: Proteção Auricular Em Trabalho Mecânico , Tamanho: Regulável , Características Adicionais: Nível De Redução Ruído Igual Ou Superior A 25 Db , Formato: Semicircular",65,Unidade,"37,6900",Cancelado por inexistência de proposta,,,
304,-,Luva segurança,"Luva Segurança Material: Vaqueta , Modelo: Cano Longo , Forma: 5 Dedos , Tipo: Anatômica , Características Adicionais: Elástico Dorso, Reforço Palma, Reforço Polegar",150,Par,"16,1300",Cancelado no julgamento,,,
305,-,Óculos proteção,"Óculos Proteção Cor Lente: Incolor , Aplicação: Proteção Geral , Material Lente: Policarbonato , Tipo Proteção: Total , Tipo Lente: Anti-Risco, Anti-Embaçante, Anti-Reflexo , Material Armação: Nylon E Pvc Flexível , Cor Armação: Preta",173,Unidade,"39,0800",Cancelado no julgamento,,,
306,-,Capacete segurança,"Capacete Segurança Material: Acrilonitrila-Butadieno-Estireno (Abs) , Aplicação: Hipismo , Características Adicionais: Forrado Com Espuma E Tecido/Fixação De Três Pontas",65,Unidade,"93,0000",Cancelado por inexistência de proposta,,,
307,-,Detector ausencia tensão,"Detector Ausencia Tensão Uso: Em Vara De Manobra , Aplicação: Medição Rede De Média Tensão , Faixa Tensão: 1 A 50 KV, Tipo: Por Contato",6,Unidade,"775,0000",Cancelado por inexistência de proposta,,,
308,-,Vara de manobra,"Vara De Manobra Material: Fibra Vidro , Componentes: Cabeçote Manobra Com Trava Anti-Queda E Haste Aço , Aplicação: Sistemas Energizados De Alta Tensão , Comprimento: Entre 7 E 9 M, Tipo: Telescópio , Características Adicionais: Modular De 6 Posições , Normas Técnicas: Nbr 11854",4,Unidade,"1.537,3200",Cancelado por inexistência de proposta,,,
313,-,Pilha recarregavel,"Pilha Recarregavel Modelo: Aa , Aplicação: Equipamentos Eletrônicos , Capacidade Corrente: 2.300 MAH, Tensão: 1,5 V, Composição: Níqual Metal Hidreto (Nimh)",220,Unidade,"10,6900",Homologado,,,
317,-,Relé falta de fase e terra,"Relé Falta De Fase E Terra Referência: Rm4tg20 (Schneider) , Número De Fases: Trifásico , Contato: 2na/Nf , Tipo Construtivo: Eletromecânico , Tensão Alimentação: 220",62,Unidade,"87,1400",Cancelado por inexistência de proposta,,,
319,-,Relé fotelétrico,"Relé Fotelétrico Potência Nominal: 1000 W, Características Adicionais: Com Base E Suporte De Fixação , Tensão Nominal: Bivolt 127/220",78,Unidade,"24,9600",Homologado,,,
322,-,Soquete lâmpada,"Soquete Lâmpada Material: Polipropileno , Tensão Máxima Operação: 250 V, Corrente Nominal: 2 A, Tipo: Push-In Antivibratório , Características Adicionais: Com Rabicho , Tipo Base: G13 De Engate Rápido , Tipo Bulbo: T8 , Tipo Lâmpada: Fluorescente Tubular",325,Unidade,"2,9100",Cancelado por inexistência de proposta,,,
323,-,Soquete lâmpada,"Soquete Lâmpada Referência: 326033059 , Material: Porcelana , Aplicação: Refrigerador Consul Dup. Frostfree Crm 44 , Tipo Base: E-27 , Tensão Nominal: 110/220 V, Tipo Lâmpada: Incandescente , Potência Máxima: 40",290,Unidade,"4,9500",Homologado,,,
324,-,Soquete lâmpada,Soquete Lâmpada Tipo Lâmpada: Fluorescente Tubular,470,Unidade,"3,7800",Cancelado por inexistência de proposta,,,
327,-,Solda Estanho,"Solda Estanho Aspecto Físico: Sólido , Aplicação: Ferro De Solda , Característica Adicionais: Liga Metálica 60/40 , Largura: 1 MM, Formato: Carretel",28,"Rolo 500,00 G","95,9500",Cancelado por inexistência de proposta,,,
328,-,Componente eletronico - sensor indicador de presenca por celula infravermelha,"Componente Eletronico - Sensor Indicador De Presenca Por Celula Infravermelha Modelo: Lx-20 , Tensão Operação: 110/220 V, Área Detecção: 8m/140 Gráus , Corrente Estática: 0,15ma , Funcionamento: Alarme , Características Adicionais: Pequeno Com Suporte",182,Unidade,"42,1200",Cancelado por inexistência de proposta,,,
329,-,Barramento Cobre,"Barramento Cobre Tipo Construção: 57 Módulos (1016mm) , Uso: Disjuntor Din , Aplicação: Instalação Elétrica , Comprimento: 1.000 MM, Corrente Nominal: 80 A, Tipo: Monofásico",28,Metro,"70,9100",Cancelado por inexistência de proposta,,,
330,-,Barramento cobre,"Barramento Cobre Tipo Construção: 57 Módulos (1016mm) , Uso: Disjuntor Din , Aplicação: Instalação Elétrica , Comprimento: 1.000 MM, Corrente Nominal: 80 A, Tipo: Trifásico",64,Unidade,"212,5000",Cancelado por inexistência de proposta,,,
331,-,Serra copo,"Material: Aço Rápido Bimetal, Diâmetro: 19mm, 22mm, 29mm, 35mm, 38mm, 44mm, 51mm, 57mm, 64 MM, Características Adicionais: Suporte Fixação Completo, Brocas Piloto E Extensão,",72,Jogo,"234,2000",Cancelado por inexistência de proposta,,,
332,-,Serra copo,"Material: Aço Rápido Bimetal, Diâmetro: 30, 35, 45, 56, 65 MM, Características Adicionais: Suporte Fixação Completo, Brocas Piloto E Extensão,",72,Jogo,"93,3600",Cancelado por inexistência de proposta,,,
333,-,Paquímetro digital,"Material: Aço Inoxidável Temperado Alta Resistência, Capacidade: 300 MM, Funções: Conversão De Unidades De Medida Mm/Pol, Características Adicionais: Função Bateria Baixa Carga, Resolução: 0,01 MM, Alimentação: Bateria V,",18,Unidade,"456,2300",Cancelado por inexistência de proposta,,,
334,-,"Peças , acessórios equipamentos especializados","Aplicação 1: Chave De Impacto/Parafusadeira, Tipo 6: Jogo De Soquete De Impacto Com 10 Peças,",22,Unidade,"120,0000",Cancelado por inexistência de proposta,,,
335,-,Alicate de pressão,"Material: Ferro, Mordente Inferior: Curvo, Abertura Da Boca: 28 MM, Tamanho: 10 POL, Tratamento Superficial: Aço Niquelado,",41,Unidade,"54,9400",Homologado,,,
4,1,Acessório canaleta,"Material: Pvc Rígido Anti-Chama, Dimensões Da Canaleta: 50 X 20 X 2100 MM, Tipo: Cotovelo Externo,",365,"Peça 1,00 UN","10,9900",Cancelado no julgamento,,,
6,1,Acessório canaleta,"Material: Pvc Rígido Anti-Chama, Dimensões Da Canaleta: 50 X 20 X 2100 MM, Tipo: Cotovelo Interno,",365,"Peça 1,00 UN","11,9900",Cancelado no julgamento,,,
7,1,Acessório canaleta,"Acessório Canaleta Referência: 675052 , Material: Pvc , Aplicação: Canaletas De 32 X 20mm E 50 X 20mm, Sistema X , Cor: Branca , Tipo: Acoplador",277,Unidade,"16,6000",Cancelado no julgamento,,,
8,1,Acessório canaleta,"Acessório Canaleta Referência: Sistema X , Material: Termoplástico Auto-Extinguível , Cor: Branca , Tipo: Luva , Tamanho: 20x50 M",420,Unidade,"4,5000",Cancelado no julgamento,,,
12,1,Canaleta,"Canaleta Referência: Sistema ""X"" , Material: Pvc - Cloreto De Polivinila , Altura: 20 MM, Aplicação: Instalação Elétrica , Comprimento: 2,00 M, Cor: Branca , Tipo: Com Tampa , Largura: 50 MM, Características Adicionais: Com Divisória",555,Unidade,"35,8900",Cancelado no julgamento,,,
36,10,Braçadeira eletroduto,"Braçadeira Eletroduto Material: Nylon , Carga Ruptura: 80 N, Referência Fabricante: Hellermann Insulok T18l , Diâmetro Amarração: 55 MM, Comprimento: 200 MM, Cor: Preta , Largura: 2,5 M",114,Unidade,"6,0800",Cancelado no julgamento,,,
37,10,Abraçadeira,"Material: Náilon, Comprimento Total: 400 MM, Tipo: Com Ranhuras, Largura: 4,80 MM,",126,"Pacote 100,00 UN","30,3600",Cancelado no julgamento,,,
35,11,Abraçadeira,"Abraçadeira Material: Metal , Aplicação: Amarração , Diâmetro Amarração: 2 POL, Tipo: ""U""",150,Unidade,"2,5000",Cancelado no julgamento,,,
57,11,Condulete,"Condulete Material: Alumínio , Referência Fabricante: Tramontina , Cor: Sem Pintura , Tipo: Multiplex , Características Adicionais: Com Tampa E 3 Tampão , Bitola: 2 PO",50,Unidade,"41,6500",Cancelado no julgamento,,,
97,11,Conexão eletroduto,"Conexão Eletroduto Tipo: Box Reto , Bitola: 2 PO",50,Unidade,"6,8600",Cancelado no julgamento,,,
98,11,Conexão eletroduto,"Conexão Eletroduto Material: Aço , Tipo: Curva 90° , Características Adicionais: Soldável , Bitola: 2 PO",50,Unidade,"33,0000",Cancelado no julgamento,,,
134,12,Eletroduto,"Material: Pvc, Comprimento: 3 M, Cor: Preta, Diâmetro Nominal: 2 POL,",75,Unidade,"49,0000",Cancelado no julgamento,,,
172,12,Luva eletroduto,"Luva Eletroduto Material: Pvc Rígido Anti-Chama , Cor: Preta , Características Adicionais: De Alta Qualidade, Com Rosca Gás Em Ambas As , Normas Técnicas: Nbr 6150 , Tipo Fixação: Rosqueada , Bitola: 2 PO",170,Unidade,"4,8100",Cancelado no julgamento,,,
67,13,Conector Elétrico,"Conector Elétrico Material: Poliamida  , Aplicação: Cabo Elétrico 1,5 A 4 Mm2 , Tipo: Passagem Tipo Sak , Características Adicionais: Conexão Por Parafusos Para Cabos , Montagem: Sobrepor",22,"Pacote 100,00 UN","325,0000",Cancelado no julgamento,,,
68,13,Conector elétrico,"Conector Elétrico Material: Nylon , Componente: Condutores: Flexível: 0,14 - 4 Mm²; , Corrente Nominal: 32 A, Tipo: Conector De Emenda 2p , Tipo Construtivo: Grau De Proteção: Ip20 , Características Adicionais: Mola Cage Clamp Compact: Aço Inoxidável  Cromo-Ní- , Tensão Nominal: 450 V, Temperatura Máxima: 105 °",151,Unidade,"3,1000",Cancelado no julgamento,,,
69,13,Conector Elétrico,"Conector Elétrico Material: Nylon , Componente: Condutores: Flexível: 0,14 - 4 Mm²; , Corrente Nominal: 32 A, Tipo: Conector De Emenda 3p , Tipo Construtivo: Grau De Proteção: Ip20 , Características Adicionais: Mola Cage Clamp Compact: Aço Inoxidável  Cromo-Ní- , Tensão Nominal: 450 V, Temperatura Máxima: 105 °",8,"Pacote 100,00 UN","227,0000",Cancelado no julgamento,,,
70,13,Conector elétrico,"Conector Elétrico Material: Nylon , Componente: Condutores: Flexível: 0,14 - 4 Mm²; , Corrente Nominal: 32 A, Tipo: Conector De Emenda 5p , Tipo Construtivo: Grau De Proteção: Ip20 , Características Adicionais: Mola Cage Clamp Compact: Aço Inoxidável  Cromo-Ní- , Tensão Nominal: 450 V, Temperatura Máxima: 105 °",204,Unidade,"5,9700",Cancelado no julgamento,,,
77,14,Suporte eletrocalha,"Suporte Eletrocalha Material: Aço , Altura: 50 MM, Espessura Nominal: (Chapa 18) 1,25 MM, Tipo: Vertical , Largura: 100 MM, Tratamento Superficial: Pré-Zincado A Fogo , Normas Técnicas: Nbriec 61537",200,Unidade,"6,6600",Cancelado no julgamento,,,
78,14,Conexão Eletrocalha,"Conexão Eletrocalha Material: Aço , Aplicação: Eletrocalha Perfurada , Tipo: Emenda Interna ""U"" , Tamanho: 100 X 50 MM, Tratamento Superficial: Galvanizado",100,Unidade,"5,9400",Cancelado no julgamento,,,
79,14,Conexão Eletrocalha,"Conexão Eletrocalha Material: Aço Galvanizado , Aplicação: Cabeamento Lógico E Elétrico , Angulação: 90° , Tipo: ""T"" Horizontal , Tamanho: 100 X 50 MM, Características Adicionais: Com Tampa Galvanizada",50,Unidade,"20,0000",Cancelado no julgamento,,,
81,14,Conexão Eletrocalha,"Conexão Eletrocalha Material: Aço Galvanizado , Aplicação: Cabeamento Lógico E Elétrico , Tipo: ""T"" Vertical Descida , Tamanho: 100 X 50 MM, Características Adicionais: Com Tampa Galvanizada",10,Unidade,"44,2500",Cancelado no julgamento,,,
85,14,Conexão Eletrocalha,"Conexão Eletrocalha Material: Aço Galvanizado , Aplicação: Eletrocalha Perfurada , Angulação: 90° , Perfil: U , Tipo: Curva Vertical Externa , Tamanho: 100 X 50 M",50,Unidade,"26,1300",Cancelado no julgamento,,,
87,14,Conexão Eletrocalha,"Conexão Eletrocalha Material: Aço Galvanizado , Aplicação: Eletrocalhas , Angulação: 90° , Perfil: U , Tipo: Curva Vertical Interna , Tamanho: 100 X 50 M",30,Unidade,"36,5900",Cancelado no julgamento,,,
88,14,Conexão eletrocalha,"Conexão Eletrocalha Material: Aço Galvanizado , Aplicação: Cabeamento Lógico E Elétrico , Tipo: Redução A Esquerda , Tamanho: 200 X 100 MM, Características Adicionais: Redução 200 Para 100 Mm, Com Tampa.",10,Unidade,"38,7900",Cancelado no julgamento,,,
130,14,Eletrocalha,"Eletrocalha Material: Metálica , Dimensões: 100x50x3000 MM, Características Adicionais: Perfurada Em Chapa #18 , Tratamento Superficial: Pré Zincada A Fogo , Normas Técnicas: Abnt Nbr Iec 61537 , Formato: ""U""",101,Unidade,"79,9900",Cancelado no julgamento,,,
80,15,Conexão eletrocalha,"Conexão Eletrocalha Material: Aço Galvanizado , Aplicação: Cabeamento Lógico E Elétrico , Angulação: 90° , Tipo: ""T"" Horizontal , Tamanho: 200 X 50 MM, Características Adicionais: Com Tampa Galvanizada",30,Unidade,"40,3500",Homologado,,,
82,15,Suporte eletrocalha,"Suporte Eletrocalha Aplicação: Instalação De Cabeamento Estruturado , Tipo: Vertical",100,Unidade,"4,5000",Homologado,,,
83,15,Conexão eletrocalha,"Conexão Eletrocalha Material: Aço Galvanizado , Aplicação: Eletrocalha De 100 X 50 Mm , Tipo: Cotovelo Reto",50,Unidade,"49,0000",Homologado,,,
84,15,Conexão Eletrocalha,"Conexão Eletrocalha Material: Aço Galvanizado , Aplicação: Cabeamento Lógico E Elétrico , Angulação: 90° , Tipo: Curva Horizontal , Tamanho: 200 X 50 MM, Características Adicionais: Com Tampa Galvanizada",10,Unidade,"38,8000",Homologado,,,
86,15,Conexão eletrocalha,"Conexão Eletrocalha Material: Aço Galvanizado , Aplicação: Cabeamento Lógico E Elétrico , Angulação: 90° , Tipo: Curva Vertical Interna , Tamanho: 200 X 50 MM, Características Adicionais: Com Tampa Galvanizada",20,Unidade,"36,9700",Homologado,,,
129,15,Eletrocalha,"Material: Aço Galvanizado, Altura: 50 MM, Comprimento: 3.000 MM, Tipo: Chapa Perfurada, Largura: 200 MM,",51,Metro,"95,3500",Homologado,,,
114,16,Disjuntor baixa tensão,"Disjuntor Baixa Tensão Tensão Máxima Operação: 127/220 V, Aplicação: Instalações Elétricas , Número De Fases: Monopolar , Curva De Disparo: C , Corrente Nominal: 10 A, Funcionamento: Termomagnético , Padrão: Din",93,Unidade,"9,4000",Homologado,,,
116,16,Disjuntor baixa tensão,"Disjuntor Baixa Tensão Tensão Máxima Operação: 127/220 V, Aplicação: Instalações Elétricas , Número De Fases: Monopolar , Curva De Disparo: C , Corrente Nominal: 20 A, Funcionamento: Termomagnético , Padrão: Din",209,Unidade,"8,5200",Homologado,,,
117,16,Disjuntor Baixa Tensão,"Disjuntor Baixa Tensão Tensão Máxima Operação: 127/220 V, Aplicação: Instalações Elétricas , Número De Fases: Monopolar , Curva De Disparo: C , Corrente Nominal: 25 A, Funcionamento: Termomagnético , Padrão: Din",176,Unidade,"7,0900",Homologado,,,
118,16,Disjuntor baixa tensão,"Disjuntor Baixa Tensão Tensão Máxima Operação: 127/220 V, Aplicação: Instalações Elétricas , Número De Fases: Monopolar , Curva De Disparo: C , Corrente Nominal: 32 A, Funcionamento: Termomagnético , Padrão: Din",153,Unidade,"20,9500",Homologado,,,
226,19,Filtro linha,"Filtro Linha Características Adicionais: Interruptor Liga/Desliga E Voltímetro , Quantidade Saída: 6 Tomadas Com 3 Pinos Tipo Fêmea Com Aterramento , Tensão Alimentação: 110/220 V, Corrente Máxima: 10 A, Potência Máxima: 1.100/2.200",195,Unidade,"12,1100",Cancelado no julgamento,,,
227,19,Filtro linha,"Filtro Linha Comprimento Cabo: 1,5 M, Características Adicionais: Led Indicativo De Funcionamento, Protetor Contra S , Normas Técnicas: Nbr 13249 , Quantidade Saída: 4 Tomadas 2p + T , Tensão Alimentação: 127/220 V, Corrente Máxima: 10 A, Potência Máxima: 1100-2200 V",205,Unidade,"21,2800",Cancelado no julgamento,,,
228,19,Filtro linha,"Filtro Linha Comprimento Cabo: 2 M, Aplicação: Rack De Switchs E Servidores , Tipo: Regua , Características Adicionais: Terminação Em Plug 2p+T , Quantidade Saída: 4 Tomadas 2p + T , Padrão: Universal",185,Unidade,"38,5000",Cancelado no julgamento,,,
229,19,Filtro linha,"Filtro Linha Componentes: Gabinete Plástico, Chave Liga/Desliga Embutida , Comprimento Cabo: 3 M, Características Adicionais: Proteção De Sobretensão Até 60 Joules (10/1000µS) , Normas Técnicas: Novo Padrão Nbr 14136 E Nbr 13249 , Quantidade Saída: 5 Tomadas Tripolares Polarizadas , Tensão Alimentação: 110/220 V, Corrente Máxima: 25",178,Unidade,"23,7400",Cancelado no julgamento,,,
3,2,Acessório canaleta,"Acessório Canaleta Material: Pvc Rígido Anti-Chama , Aplicação: Canaleta Pvc , Angulação: 90° , Cor: Branca , Tipo: Cotovelo Externo , Tamanho: 40 X 30 M",435,Unidade,"4,7500",Cancelado no julgamento,,,
10,2,Canaleta,"Canaleta Material: Pvc - Cloreto De Polivinila , Cor: Branca , Dimensões: 40 X 30 X 2000 MM, Características Adicionais: Com Tampa E Fita Adesiva De Dupla Face Em Toda A , Normas Técnicas: Eia/Tia 568a E 569a",560,Unidade,"11,2500",Cancelado no julgamento,,,
19,2,Conexão canaleta,"Conexão Canaleta Material: Pvc Rígido Antichama , Aplicação: Canaleta Pvc , Angulação: 90° , Cor: Branca , Tipo: Curva Plana , Tamanho: 40 X 30 M",80,Unidade,"20,9200",Cancelado no julgamento,,,
142,20,Fita isolante elétrica,"Fita Isolante Elétrica Comprimento: 20 M, Cor: Azul , Largura: 19 M",182,Unidade,"26,2600",Cancelado no julgamento,,,
143,20,Fita isolante elétrica,"Fita Isolante Elétrica Comprimento: 20 M, Cor: Branca , Largura: 19 M",175,Unidade,"30,9900",Cancelado no julgamento,,,
145,20,Fita isolante elétrica,"Fita Isolante Elétrica Material Básico: Filme Pvc C/ Adesivo , Resistência À Tensão: Até 750 V, Comprimento: 20 M, Cor: Verde , Espessura: 0,10 MM, Largura: 19 MM, Características Adicionais: Anti-Chama , Classe Temperatura: 90 °",192,Unidade,"6,8000",Cancelado no julgamento,,,
146,20,Fita isolante elétrica,"Fita Isolante Elétrica Material Básico: Filme Pvc C/ Adesivo , Resistência À Tensão: Até 750 V, Comprimento: 20 M, Cor: Vermelha , Espessura: 0,10 MM, Largura: 19 MM, Características Adicionais: Anti-Chama , Classe Temperatura: 90 °",181,Unidade,"5,7600",Cancelado no julgamento,,,
147,20,Fita isolante elétrica,"Fita Isolante Elétrica Material Básico: Pvc - Com Adesivo A Base De Borracha , Resistência À Tensão: Até 750 V, Comprimento: 20 M, Cor: Amarela , Espessura: 0,19 MM, Largura: 19 MM, Características Adicionais: Anti-Chama , Classe Temperatura: 90 °",155,Unidade,"10,6400",Cancelado no julgamento,,,
148,20,Fita isolante elétrica,"Material Básico: Pvc Auto-Extinguível, Resistência À Tensão: Até 750 V, Comprimento: 10 M, Cor: Cinza, Espessura: 0,18 MM, Largura: 12 MM, Características Adicionais: Não Aplicável, Normas Técnicas: Nbr 5.037, Classe Temperatura: 90 °C,",127,Unidade,"5,2700",Cancelado no julgamento,,,
149,20,Fita isolante elétrica,"Fita Isolante Elétrica Material Básico: Pvc Auto-Extinguível , Resistência À Tensão: Até 750 V, Comprimento: 10 M, Cor: Marrom , Espessura: 0,18 MM, Largura: 12 MM, Características Adicionais: Não Aplicável , Normas Técnicas: Nbr 5.037 , Classe Temperatura: 90 °",88,Unidade,"35,1400",Cancelado no julgamento,,,
158,21,Lâmpada led,"Lâmpada Led Modelo: Ultra Led , Potência Nominal: 12 W, Aplicação: Ambiente Interno , Cor: Luz Branco Frio , Tipo Base: E-27 , Tipo Bulbo: A60 , Tensão Nominal: Bivolt",990,Unidade,"13,9500",Homologado,,,
159,21,Lâmpada led,"Lâmpada Led Potência Nominal: 18 W, Vida Média: 30.000 H, Temperatura De Cor: 6500 K, Fluxo Luminoso: Mín. 1850 LM, Índice De Reprodução De Cor - Irc: >0,80 , Comprimento: 1200 MM, Equivalência: Fluorescente De 40w , Cor: Branca Fria , Tipo Base: G13 , Tipo Bulbo: Policarbonato Leitoso , Tensão Nominal: Bivolt , Fator Potência: > 0,92 , Frequência Nominal: 60 HZ, Formato: Tubular T8",2.287,Unidade,"12,6400",Homologado,,,
161,21,Lâmpada led,"Lâmpada Led Potência Nominal: 9 W, Vida Média: 25.000 H, Temperatura De Cor: 6500 K, Fluxo Luminoso: 900 LM, Índice De Reprodução De Cor - Irc: >0,80 , Comprimento: 600 MM, Equivalência: Fluorescente De 20w , Cor: Branca Fria , Tipo Base: G13 , Tipo Bulbo: Policarbonato Leitoso , Tensão Nominal: Bivolt , Fator Potência: > 0,92 , Frequência Nominal: 50/60 HZ, Formato: Tubular T8",848,Unidade,"11,4100",Homologado,,,
195,22,Terminal cabo,"Terminal Cabo Material: Cobre , Aplicação: Instalações Elétricas , Lingueta: Garfo , Características Adicionais: Garfo-Tpf 23-4 , Seção Nominal Condutor: 2,5 A 4,0 Mm² MM",910,Unidade,"13,0000",Homologado,,,
196,22,Terminal cabo,"Terminal Cabo Material: Cobre , Aplicação: Instalações Elétricas , Tipo: Agulha , Bitola: 2,5 M",840,Unidade,"0,2300",Homologado,,,
197,22,Terminal cabo,"Terminal Cabo Material: Cobre , Aplicação: Instalações Elétricas , Lingueta: Agulha , Bitola: 4 M",1.080,Unidade,"2,2200",Homologado,,,
201,22,Terminal cabo,"Terminal Cabo Lingueta: Olhal , Seção Nominal Condutor: 2,5 MM",845,Unidade,"0,2800",Homologado,,,
202,22,Terminal cabo,"Terminal Cabo Lingueta: Olhal , Seção Nominal Condutor: 4 MM",900,Unidade,"0,4000",Homologado,,,
203,22,Terminal cabo,"Terminal Cabo Lingueta: Olhal , Seção Nominal Condutor: 6 MM",775,Unidade,"1,7600",Homologado,,,
208,23,Tomada,"Tomada Material: Pvc - Cloreto De Polivinila , Modelo: Dupla , Aplicação: Condulete Instalação Elétrica , Corrente Nominal: 20 A, Características Adicionais: Completa(Caixa, Espelho E Tomada) , Cor Corpo: Branca , Tensão Nominal: 250 V, Formato Contato: 2p + T",550,Unidade,"12,3000",Homologado,,,
210,23,Tomada,"Tomada Modelo: Dupla , Número Pólos: 2 P + T , Corrente Nominal: 10 A, Dimensões: 4 X 2 POL, Características Adicionais: Com Espelho , Tensão Nominal: 127/220 V, Posição Relativa: Embutir",575,Unidade,"15,1000",Homologado,,,
211,23,Tomada,"Tomada Material: Termoplástico , Modelo: Dupla , Aplicação: Instalação Elétrica , Corrente Nominal: 10 A, Tipo: Externa , Características Adicionais: Sistema X, 2 Pinos + Terra , Normas Técnicas: Nbr 14136 , Cor Corpo: Branca , Tensão Nominal: 250",610,Unidade,"23,0000",Homologado,,,
212,23,Tomada,"Tomada Modelo: Simples , Aplicação: Instalação Elétrica , Corrente Nominal: 20 A, Tipo Fixação: Embutir , Cor Corpo: Branca , Tensão Nominal: 220",555,Unidade,"18,7000",Homologado,,,
296,24,Bota segurança,"Material: Couro Hidrofugado Curtido Ao Cromo, Material Sola: Poliuretano (Pu) Bi-Densidade, Aplicação: Proteção Carga Elétrica, Cor: Preta, Tamanho: 40, Características Adicionais: Cadarço/Cano Alcochoado/Palmilha Material Sintétic, Tipo Uso: Eletricista,",69,Par,"51,3900",Cancelado no julgamento,,,
297,24,Bota segurança,"Bota Segurança Material: Couro Hidrofugado Curtido Ao Cromo , Material Sola: Poliuretano (Pu) Bi-Densidade , Aplicação: Proteção Carga Elétrica , Cor: Preta , Tamanho: 42 , Características Adicionais: Cadarço/Cano Alcochoado/Palmilha Material Sintétic , Tipo Uso: Eletricista",105,Par,"49,2600",Cancelado no julgamento,,,
298,24,Bota segurança,"Bota Segurança Material: Couro Hidrofugado Curtido Ao Cromo , Material Sola: Poliuretano (Pu) Bi-Densidade , Aplicação: Proteção Carga Elétrica , Cor: Preta , Tamanho: 43 , Características Adicionais: Cadarço/Cano Alcochoado/Palmilha Material Sintétic , Tipo Uso: Eletricista",56,Par,"86,6700",Cancelado no julgamento,,,
299,24,Bota segurança,"Bota Segurança Material: Couro Hidrofugado Curtido Ao Cromo , Material Sola: Poliuretano (Pu) Bi-Densidade , Aplicação: Proteção Carga Elétrica , Cor: Preta , Tamanho: 45 , Características Adicionais: Cadarço/Cano Alcochoado/Palmilha Material Sintétic , Tipo Uso: Eletricista",41,Par,"64,0000",Cancelado no julgamento,,,
265,25,Chave De Fenda,"Chave De Fenda Material: Aço Cromo Vanádio , Cabo: Polipropileno , Tipo Ponta: Chata , Tamanho: 1/4 X 5 POL, Características Adicionais: Ponta Fosfatizada",93,Unidade,"9,2000",Cancelado no julgamento,,,
266,25,Chave de fenda,"Chave De Fenda Material: Aço Cromo Vanádio , Cabo: Polipropileno , Tipo Ponta: Chata , Tamanho: 3/16 X 5 POL, Características Adicionais: Ponta Fosfatizada",93,Unidade,"7,6400",Cancelado no julgamento,,,
267,25,Chave de fenda,"Chave De Fenda Material: Aço Cromo Vanádio , Cabo: Polipropileno , Tipo Ponta: Chata , Tamanho: 1/8 X 5 POL, Características Adicionais: Ponta Fosfatizada",93,Unidade,"6,6000",Cancelado no julgamento,,,
268,25,Chave de fenda,"Chave De Fenda Material: Aço Temperado , Cabo: Polipropileno , Tipo Ponta: Philips , Tamanho: 3/16 X 5 POL, Características Adicionais: Ponta Fosfatizada",93,Unidade,"7,7800",Cancelado no julgamento,,,
269,25,Chave de fenda,"Chave De Fenda Material: Aço Din 17200-50crv4 , Cabo: Polipropileno Simples , Tamanho: 1/8 X 4 POL, Características Adicionais: Acabamento Haste Niquelado, Peso 70 G",93,Unidade,"4,0000",Cancelado no julgamento,,,
270,25,Chave de fenda,"Chave De Fenda Material: Aço Cromo Vanádio - Dim 17200-59cr , Cabo: Polipropileno Simples , Tipo Ponta: Fenda Cruzada , Tamanho: 6 X 1/4 POL, Características Adicionais: Haste Niquelada E Cromada/Ponta Fosfatizada",93,Unidade,"7,3900",Cancelado no julgamento,,,
311,29,Pilha,"Pilha Modelo: Aa , Tamanho: Pequena , Características Adicionais: Não Recarregável , Tensão Nominal: 1,5 V, Sistema Eletroquímico: Alcalina",1.279,Unidade,"7,4800",Homologado,,,
312,29,Pilha,"Pilha Modelo: Aaa , Tamanho: Palito , Características Adicionais: Não Contém Mercúrio E Cádmio , Tensão Nominal: 1,5 V, Sistema Eletroquímico: Alcalina",879,Unidade,"4,0700",Homologado,,,
1,3,Acessório canaleta,"Acessório Canaleta Material: Pvc Antichama , Aplicação: Canaleta 20 X 10 Mm , Cor: Branca , Tipo: Acoplador , Características Adicionais: Instalação Aparente",365,Unidade,"12,5000",Cancelado no julgamento,,,
2,3,Acessório canaleta,"Acessório Canaleta Material: Pvc Rígido Anti-Chama , Aplicação: Canaleta Pvc , Angulação: 90° , Cor: Branca , Tipo: Cotovelo Externo , Tamanho: 20 X 10 M",515,Unidade,"1,4500",Cancelado no julgamento,,,
5,3,Acessório canaleta,"Acessório Canaleta Material: Pvc Rígido Anti-Chama , Aplicação: Canaleta Pvc , Angulação: 90° , Cor: Branca , Tipo: Cotovelo Interno , Tamanho: 20 X 10 M",535,Unidade,"1,5500",Cancelado no julgamento,,,
9,3,Acessório canaleta,"Acessório Canaleta Tipo: Luva , Tamanho: 20 X 10 M",517,Unidade,"1,7000",Cancelado no julgamento,,,
18,3,Conexão canaleta,"Conexão Canaleta Material: Pvc Rígido Antichama , Aplicação: Canaleta Pvc , Angulação: 90° , Cor: Branca , Tipo: Curva Plana , Tamanho: 20 X 10 M",230,Unidade,"4,6000",Cancelado no julgamento,,,
175,30,Plugue,"Plugue Material: Plástico Poliamida Anti-Chama , Número Pólos: 2 P + T , Corrente Nominal: 20 A, Tipo: Fêmea , Tensão Nominal: 250",560,Unidade,"5,5900",Homologado,,,
176,30,Plugue,"Plugue Número Pólos: 2 P + T , Corrente Nominal: 10 A, Tipo: Fêmea , Normas Técnicas: Nbr 14136 , Padrão: Brasileiro , Tensão Nominal: 250 V, Número Pinos: 3 UN, Formato Pinos: Cilíndrico",570,Unidade,"5,6000",Homologado,,,
177,30,Plugue,"Plugue Material: Plástico , Número Pólos: 2 P , Corrente Nominal: 10 A, Tipo: Macho , Características Adicionais: Com Prensa Cabo , Tensão Nominal: 250",570,Unidade,"2,3500",Homologado,,,
178,30,Plugue,"Plugue Número Pólos: 2 P , Corrente Nominal: 20 A, Tipo: Macho , Tensão Nominal: 250",550,Unidade,"5,0000",Homologado,,,
179,30,Plugue,"Plugue Número Pólos: 2 P + T , Corrente Nominal: 10 A, Tipo: Macho , Normas Técnicas: Nbr 14136 , Padrão: Brasileiro , Tensão Nominal: 250 V, Número Pinos: 3 UN, Formato Pinos: Cilíndrico",590,Unidade,"4,4600",Homologado,,,
21,4,Adaptador condulete,"Adaptador Condulete Material: Alumínio , Cor: Cinza , Tipo: Rosca , Bitola: 3/4 PO",100,Unidade,"2,8700",Cancelado no julgamento,,,
60,4,Condulete,"Condulete Material: Alumínio , Aplicação: Manutenção Elétrica Infraestrutura , Tipo: ""X"" , Características Adicionais: Multiuso , Tipo Fixação: Rosqueável , Tipo Rosca: Bsp , Bitola: 3/4 POL, Acessórios: Tampa",100,Unidade,"8,6300",Cancelado no julgamento,,,
96,4,Conexão eletroduto,"Conexão Eletroduto Material: Alumínio Silício , Tipo: Box Reto , Tipo Fixação: Rosqueado , Tipo Rosca: Bsp , Bitola: 3/4 PO",70,Unidade,"3,6000",Cancelado no julgamento,,,
100,4,Conexão eletroduto,"Conexão Eletroduto Material: Alumínio Silício , Acabamento Superficial: S/ Pintura , Aplicação: Box Eletroduto , Tipo: Curva 90° , Características Adicionais: Sem Rosca, 2 Parafusos, Com Tampa Removível , Bitola: 3/4 PO",62,Unidade,"9,3400",Cancelado no julgamento,,,
140,4,Eletroduto,"Eletroduto Material: Aço Galvanizado , Referência Fabricante: 86755935 (Elecon) , Espessura Parede: 1,06 MM, Comprimento: 3 M, Tratamento Superficial: Galvanizado Eletrolítico E Zincado A Fogo , Padrão: Médio , Diâmetro Externo: Min. 25,20 Máx. 25,60 MM, Diâmetro Nominal: 3/4 POL, Acessórios: Luva E Protetor De Rosca",40,"Barra 3,00 M","20,8100",Cancelado no julgamento,,,
20,5,Adaptador condulete,"Adaptador Condulete Material: Alumínio , Cor: Cinza , Tipo: Rosca , Bitola: 1 PO",100,Unidade,"3,2800",Cancelado no julgamento,,,
61,5,Condulete,"Condulete Material: Alumínio , Cor: Cinza , Tipo: ""X"" , Características Adicionais: Multiuso , Bitola: 1 PO",52,Unidade,"10,3500",Cancelado no julgamento,,,
62,5,Condulete,"Condulete Material: Liga Alumínio , Cor: Cinza , Tipo: ""T"" , Características Adicionais: Sem Rosca, Encaixe Pressão, Com Tampa Cega , Bitola: 1 PO",50,Unidade,"19,9900",Cancelado no julgamento,,,
95,5,Conexão eletroduto,"Conexão Eletroduto Material: Alumínio , Tipo: Box Reto , Características Adicionais: Com Parafuso, Porca E Arruela , Bitola: 1 PO",51,Unidade,"4,5000",Cancelado no julgamento,,,
139,5,Eletroduto,"Eletroduto Material: Aço Galvanizado , Tipo: Médio , Diâmetro Nominal: 1 PO",50,Unidade,"88,1200",Cancelado no julgamento,,,
173,5,Luva Eletroduto,"Luva Eletroduto Material: Alumínio , Aplicação: Telefonia , Características Adicionais: Sem Rosca Com Um Parafuso , Bitola: 1 PO",100,Unidade,"2,9400",Cancelado no julgamento,,,
22,6,Adaptador condulete,"Adaptador Condulete Material: Pvc - Cloreto De Polivinila , Cor: Cinza , Características Adicionais: Sistema Travamento Dos Acessórios E Proteção Cabos , Normas Técnicas: Nbr15465 , Bitola: 1 PO",130,Unidade,"1,2700",Cancelado no julgamento,,,
24,6,Adaptador condulete,"Adaptador Condulete Material: Pvc - Cloreto De Polivinila , Cor: Cinza , Tipo: Rosca , Bitola: 1"" Para 3/4"" E 1 PO",72,Unidade,"1,8200",Cancelado no julgamento,,,
25,6,Adaptador condulete,"Adaptador Condulete Material: Pvc - Cloreto De Polivinila , Cor: Cinza , Tipo: Sem Rosca , Bitola: 1 Pol Para 3/4 PO",72,Unidade,"1,0700",Cancelado no julgamento,,,
32,6,Braçadeira eletroduto,"Braçadeira Eletroduto Aplicação: Fixação De Tubo , Tipo: ""U"" , Bitola: 1 PO",245,Unidade,"1,2500",Cancelado no julgamento,,,
63,6,Condulete,"Condulete Material: Pvc , Altura: 9,00 CM, Cor: Cinza , Largura: 4,50 CM, Características Adicionais: Saída Encaixe Pressão , Profundidade: 3,50 CM, Bitola: 1 PO",50,Unidade,"18,9000",Cancelado no julgamento,,,
99,6,Curva eletroduto,"Curva Eletroduto Material: Pvc Anti-Chama , Aplicação: Instalação Elétrica , Angulação: 135° , Tipo Fixação: Rosqueada , Diâmetro Nominal: 1 PO",65,Unidade,"9,9000",Cancelado no julgamento,,,
136,6,Eletroduto,"Eletroduto Material: Pvc , Comprimento: 3 M, Cor: Preta , Tipo: Rígido Anti-Chama , Normas Técnicas: Abnt Eb-744(Classe B), Nbr 6150 , Tipo Fixação: Rosqueável , Bitola: 1 PO",75,Unidade,"18,5200",Cancelado no julgamento,,,
170,6,Luva eletroduto,"Luva Eletroduto Material: Pvc Rígido , Cor: Preta , Tipo Fixação: Roscável , Bitola: 1 PO",145,Unidade,"1,9500",Cancelado no julgamento,,,
188,6,Tampa condulete,"Tampa Condulete Material: Pvc , Aplicação: Instalações Elétricas , Cor: Cinza , Características Adicionais: Cega , Bitola: 1 PO",65,Unidade,"4,2300",Cancelado no julgamento,,,
23,7,Adaptador condulete,"Adaptador Condulete Material: Pvc - Cloreto De Polivinila , Cor: Cinza , Características Adicionais: Sistema Travamento Dos Acessórios E Proteção Cabos , Normas Técnicas: Nbr15465 , Bitola: 3/4 PO",420,Unidade,"1,0600",Cancelado no julgamento,,,
33,7,Braçadeira eletroduto,"Braçadeira Eletroduto Material: Aço Sae1020 , Acabamento Superficial: Zincado C/ Resistência À Corrosão , Comprimento: 50 MM, Espessura: 0,80 MM, Tipo: ""U"" , Largura: 13,8 MM, Bitola: 3/4 PO",350,Unidade,"0,9000",Cancelado no julgamento,,,
58,7,Condulete,"Condulete Material: Pvc , Altura: 5,20 CM, Cor: Cinza , Tipo: 5 Entradas , Largura: 11,80 CM, Profundidade: 6,30 CM, Bitola: 3/4 PO",101,Unidade,"6,5000",Cancelado no julgamento,,,
64,7,Condulete,"Condulete Material: Pvc , Altura: 5,20 CM, Cor: Cinza , Tipo: 6 Entradas , Largura: 11,80 CM, Profundidade: 6,30 CM, Bitola: 3/4 PO",60,Unidade,"13,5800",Cancelado no julgamento,,,
101,7,Conexão eletroduto,"Conexão Eletroduto Aplicação: Box Eletroduto , Tipo: Curva 90° , Bitola: 3/4 PO",152,Unidade,"10,6900",Cancelado no julgamento,,,
137,7,Eletroduto,"Eletroduto Material: Pvc , Comprimento: 3 M, Cor: Preta , Tipo: Rígido Anti-Chama , Normas Técnicas: Abnt Eb-744(Classe B), Nbr 6150 , Tipo Fixação: Rosqueável , Bitola: 3/4 PO",220,Unidade,"13,0000",Cancelado no julgamento,,,
171,7,Luva eletroduto,"Luva Eletroduto Material: Pvc Rígido , Cor: Preta , Tipo Fixação: Roscável , Bitola: 3/4 PO",240,Unidade,"1,7000",Cancelado no julgamento,,,
189,7,Tampa condulete,"Tampa Condulete Material: Pvc , Aplicação: Cega , Cor: Cinza , Bitola: 3/4 PO",140,Unidade,"3,5000",Cancelado no julgamento,,,
26,8,Bloco contato,"Bloco Contato Referência: Zbe-101 (Telemecanique) , Número E Tipo De Contatos: 1na , Corrente Nominal: 3 A, Tensão Nominal: 240",59,Unidade,"13,6000",Cancelado no julgamento,,,
27,8,Bloco contato,"Bloco Contato Referência: Telemecanique , Número E Tipo De Contatos: 2na + 2nf",59,Unidade,"13,4900",Cancelado no julgamento,,,
28,8,Botão comando,"Botão Comando Aplicação: Proteção, Comando E Sinalização Para O Ccm De Túne , Referência Fabricante: 3sb3201+0aa41 , Cor: Verde , Tipo: Impulsão , Número Contato: 1 Na + 1 Nf",63,Unidade,"6,3500",Cancelado no julgamento,,,
29,8,Botão Comando,"Botão Comando Aplicação: Sistema Pneumático , Referência Fabricante: 4b.720.11 , Cor: Vermelha , Tipo: Pulsador , Características Adicionais: Furação Painel 30,5 Mm, Aro Cromado, Dispositivo , Formato: Redondo",63,Unidade,"22,5000",Cancelado no julgamento,,,
30,8,Botão comando,"Botão Comando Aplicação: Painel Elétrico , Referência Fabricante: M20afr-R1a (Metaltex) , Cor: Verde , Tipo: Pulsador",66,Unidade,"28,8000",Cancelado no julgamento,,,
31,8,Botão comando,"Botão Comando Corrente Nominal: 16 A, Tipo: Dupla (Liga/Desliga) , Tensão Nominal: 250 V, Número Contato: 1 Na + 1 Nf , Grau Proteção: Ip54",72,Unidade,"36,2000",Cancelado no julgamento,,,
34,9,Braçadeira eletroduto,"Braçadeira Eletroduto Material: Ferro Galvanizado , Aplicação: Fixação De Conduítes , Tipo: ""U"" , Bitola: 1 1/2 PO",300,Unidade,"1,0600",Cancelado no julgamento,,,
59,9,Condulete,"Condulete Material: Alumínio , Aplicação: Manutenção Elétrica Infraestrutura , Tipo: ""X"" , Características Adicionais: Multiuso , Tipo Fixação: Rosqueável , Tipo Rosca: Bsp , Bitola: 1 1/2 POL, Acessórios: Tampa",52,Unidade,"31,0000",Cancelado no julgamento,,,
94,9,Conexão eletroduto,"Conexão Eletroduto Material: Alumínio , Tipo: Box Reto , Bitola: 1 1/2 PO",50,Unidade,"10,9500",Cancelado no julgamento,,,
135,9,Eletroduto,"Eletroduto Material: Pvc , Comprimento: 3 M, Cor: Preta , Tipo: Rígido Anti-Chama , Normas Técnicas: Abnt Eb-744(Classe B), Nbr 6150 , Tipo Fixação: Rosqueável , Bitola: 1 1/2 PO",75,Unidade,"28,8100",Cancelado no julgamento,,,
169,9,Luva eletroduto,"Luva Eletroduto Material: Pvc - Cloreto De Polivinila , Cor: Preta , Tipo Fixação: Roscável , Bitola: 1 1/2 PO",145,Unidade,"3,0700",Cancelado no julgamento,,,
174,9,Luva eletroduto,"Luva Eletroduto Material: Ferro , Tratamento Superficial: Galvanizado , Tipo Fixação: Roscável , Bitola: 1 1/2 PO",100,Unidade,"14,2400",Cancelado no julgamento,,,
