grupo,item_num,catalogo,descricao_tr,unidade,quantidade,valor_estimado,valor_homologado_item_unitario,percentual_desconto,valor_estimado_total_do_item,valor_homologado_total_item,marca_fabricante,modelo_versao,situacao,descricao_detalhada,uasg,orgao_responsavel,num_pregao,ano_pregao,srp,objeto,melhor_lance,valor_negociado,ordenador_despesa,empresa,cnpj,endereco,cep,municipio,telefone,email,responsavel_legal
N/A,1,458218,Ar-Condicionado 12.000 Btu (Instalação Inclusa),Unidade,64.0,3533.0,2298.0,34.956127936597795,226112.0,147072.0, TCL, TAC09CSA2 INV,Adjudicado e Homologado,"Aparelho Ar Condicionado Capacidade Refrigeração: 12.000 BTU Modelo: Fancolete Hidrônico Características Adicionais 1: Controle Remoto S/Fio, Inverter, Tipo: Split Hi Wall / Tensão: 220, (instalação inclusa)",791181,CENT.INTEND.DA MARINHA EM S.PEDRO DA ALDEIA,37,2023,SRP - Registro de Preço,"Registro de preços para aquisição de material permanente de eletrodomésticos, eletroeletrônicos e condicionadores de ar para as Organizações Militares (OM) apoiadas pelo Complexo Aeronaval de São Pedro da Aldeia.",2298.0,N/A,ADRIANA PEREIRA CAMELLO,MA COMERCIO DE REFRIGERACAO LTDA,37.673.034/0001-57,,,,,,
N/A,2,458218,Ar-Condicionado 12.000 Btu (Instalação Inclusa) (Cota Reservada ME-EPP),Unidade,106.0,3864.57,2445.0,36.73293535891445,409644.42000000004,259170.0, TCL, TAC12CSA2 INV,Adjudicado e Homologado,"Aparelho Ar Condicionado Capacidade Refrigeração: 12.000 BTU Modelo: Fancolete Hidrônico Características Adicionais 1: Controle Remoto S/Fio, Inverter, Tipo: Split Hi Wall / Tensão: 220, (instalação inclusa)",791181,CENT.INTEND.DA MARINHA EM S.PEDRO DA ALDEIA,37,2023,SRP - Registro de Preço,"Registro de preços para aquisição de material permanente de eletrodomésticos, eletroeletrônicos e condicionadores de ar para as Organizações Militares (OM) apoiadas pelo Complexo Aeronaval de São Pedro da Aldeia.",2445.0,N/A,ADRIANA PEREIRA CAMELLO,MA COMERCIO DE REFRIGERACAO LTDA,37.673.034/0001-57,,,,,,
N/A,3,458191,Ar-Condicionado 18.000 Btu (Instalação Inclusa),Unidade,82.0,5203.33,3368.0,35.27221990532986,426673.06,276176.0, TCL, TAC18CSA2 INV,Adjudicado e Homologado,"Aparelho Ar Condicionado Capacidade Refrigeração: 18.000 BTU Características Adicionais 1: Controle Remoto S/Fio, Inverter
Tipo: Split Hi Wall / Tensão: 220 
(instalação inclusa)",791181,CENT.INTEND.DA MARINHA EM S.PEDRO DA ALDEIA,37,2023,SRP - Registro de Preço,"Registro de preços para aquisição de material permanente de eletrodomésticos, eletroeletrônicos e condicionadores de ar para as Organizações Militares (OM) apoiadas pelo Complexo Aeronaval de São Pedro da Aldeia.",3429.0,3368.0,ADRIANA PEREIRA CAMELLO,MA COMERCIO DE REFRIGERACAO LTDA,37.673.034/0001-57,,,,,,
N/A,4,458191,Ar-Condicionado 18.000 Btu (Instalação Inclusa) (Cota Reservada ME-EPP),Unidade,77.0,5724.78,4372.0,23.630253040291503,440808.06,336644.0, TCL, TAC24CSA2 INV,Adjudicado e Homologado,"Aparelho Ar Condicionado Capacidade Refrigeração: 18.000 BTU Características Adicionais 1: Controle Remoto S/Fio, Inverter
Tipo: Split Hi Wall / Tensão: 220 
(instalação inclusa)",791181,CENT.INTEND.DA MARINHA EM S.PEDRO DA ALDEIA,37,2023,SRP - Registro de Preço,"Registro de preços para aquisição de material permanente de eletrodomésticos, eletroeletrônicos e condicionadores de ar para as Organizações Militares (OM) apoiadas pelo Complexo Aeronaval de São Pedro da Aldeia.",4399.73,4372.0,ADRIANA PEREIRA CAMELLO,MA COMERCIO DE REFRIGERACAO LTDA,37.673.034/0001-57,,,,,,
N/A,5,603721,Ar-Condicionado 36.000 Btu (Instalação Inclusa),Unidade,52.0,7136.0,5390.0,24.467488789237667,371072.0,280280.0, TCL, TAC32CHSA2 INV,Adjudicado e Homologado,"Aparelho Ar Condicionado Capacidade Refrigeração: 36.000 BTU/H, 
Vazão Ar: 1.200 M3/H / Tensão: 220 V / Frequência: 60 HZ
Tipo: Split / Características Adicionais 1: Bomba De Dreno
(instalação inclusa)",791181,CENT.INTEND.DA MARINHA EM S.PEDRO DA ALDEIA,37,2023,SRP - Registro de Preço,"Registro de preços para aquisição de material permanente de eletrodomésticos, eletroeletrônicos e condicionadores de ar para as Organizações Militares (OM) apoiadas pelo Complexo Aeronaval de São Pedro da Aldeia.",5390.0,N/A,ADRIANA PEREIRA CAMELLO,MA COMERCIO DE REFRIGERACAO LTDA,37.673.034/0001-57,,,,,,
N/A,6,603721,Ar-Condicionado 36.000 Btu (Instalação Inclusa) (Cota Reservada ME-EPP),Unidade,39.0,13246.75,10888.0,17.80625436427803,516623.25,424632.0, ELGIN, PDFI48C2DA/PDFE48C2CA,Adjudicado e Homologado,"Aparelho Ar Condicionado Capacidade Refrigeração: 36.000 BTU/H, 
Vazão Ar: 1.200 M3/H / Tensão: 220 V / Frequência: 60 HZ
Tipo: Split / Características Adicionais 1: Bomba De Dreno
(instalação inclusa)",791181,CENT.INTEND.DA MARINHA EM S.PEDRO DA ALDEIA,37,2023,SRP - Registro de Preço,"Registro de preços para aquisição de material permanente de eletrodomésticos, eletroeletrônicos e condicionadores de ar para as Organizações Militares (OM) apoiadas pelo Complexo Aeronaval de São Pedro da Aldeia.",10888.0,N/A,ADRIANA PEREIRA CAMELLO,CENTROESTE AR CONDICIONADO LTDA,31.047.826/0001-30,,,,,,
N/A,7,470880,Ar-Condicionado 48.000 Btu (Instalação Inclusa),Unidade,34.0,14950.91,11269.0,24.62666152093752,508330.94,383146.0, ELGIN, PDFI60C2DA/PDFE60C2CA,Adjudicado e Homologado,"Aparelho Ar Condicionado Capacidade Refrigeração: 48.000 BTU 
Tensão: 380 V / Frequência: 60 HZ / Tipo: Split
Características Adicionais: Controle Remoto/Ciclo Reverso (Quente/Frio)
(instalação inclusa)",791181,CENT.INTEND.DA MARINHA EM S.PEDRO DA ALDEIA,37,2023,SRP - Registro de Preço,"Registro de preços para aquisição de material permanente de eletrodomésticos, eletroeletrônicos e condicionadores de ar para as Organizações Militares (OM) apoiadas pelo Complexo Aeronaval de São Pedro da Aldeia.",11269.0,N/A,ADRIANA PEREIRA CAMELLO,CENTROESTE AR CONDICIONADO LTDA,31.047.826/0001-30,,,,,,
N/A,8,470880,Ar-Condicionado 48.000 Btu (Instalação Inclusa) (Cota Reservada ME-EPP),Unidade,36.0,2626.66,1495.0,43.08361188733981,94559.76,53820.0, HISENSE, 8.5KJANELA,Adjudicado e Homologado,"Aparelho Ar Condicionado Capacidade Refrigeração: 48.000 BTU 
Tensão: 380 V / Frequência: 60 HZ / Tipo: Split
Características Adicionais: Controle Remoto/Ciclo Reverso (Quente/Frio)
(instalação inclusa)",791181,CENT.INTEND.DA MARINHA EM S.PEDRO DA ALDEIA,37,2023,SRP - Registro de Preço,"Registro de preços para aquisição de material permanente de eletrodomésticos, eletroeletrônicos e condicionadores de ar para as Organizações Militares (OM) apoiadas pelo Complexo Aeronaval de São Pedro da Aldeia.",1495.0,N/A,ADRIANA PEREIRA CAMELLO,BEL MICRO TECNOLOGIA S/A,71.052.559/0001-03,,,,,,
N/A,9,480929,Ar-Condicionado 60.000 Btu (Instalação Inclusa),Unidade,48.0,3003.5,2583.0,14.00033294489762,144168.0,123984.0, MIDEA, 12.000 BTU/H JANELA,Adjudicado e Homologado,"Aparelho Ar Condicionado Capacidade Refrigeração: 60.000 BTU/H
Tensão: 220 V / Frequência: 60 HZ / Tipo: Split.  
Com controle Remoto
(instalação inclusa)",791181,CENT.INTEND.DA MARINHA EM S.PEDRO DA ALDEIA,37,2023,SRP - Registro de Preço,"Registro de preços para aquisição de material permanente de eletrodomésticos, eletroeletrônicos e condicionadores de ar para as Organizações Militares (OM) apoiadas pelo Complexo Aeronaval de São Pedro da Aldeia.",2584.0,2583.0,ADRIANA PEREIRA CAMELLO,IMPERIO COMERCIO LTDA,50.899.054/0001-09,,,,,,
N/A,10,480929,Ar-Condicionado 60.000 Btu (Instalação Inclusa) (Cota Reservada ME-EPP),Unidade,24.0,4366.6,3635.0,16.75445426647736,104798.40000000001,87240.0, MIDEA, 18.000 BTU/H JANELA,Adjudicado e Homologado,"Aparelho Ar Condicionado Capacidade Refrigeração: 60.000 BTU/H
Tensão: 220 V / Frequência: 60 HZ / Tipo: Split.  
Com controle Remoto
(instalação inclusa)",791181,CENT.INTEND.DA MARINHA EM S.PEDRO DA ALDEIA,37,2023,SRP - Registro de Preço,"Registro de preços para aquisição de material permanente de eletrodomésticos, eletroeletrônicos e condicionadores de ar para as Organizações Militares (OM) apoiadas pelo Complexo Aeronaval de São Pedro da Aldeia.",3635.0,N/A,ADRIANA PEREIRA CAMELLO,IMPERIO COMERCIO LTDA,50.899.054/0001-09,,,,,,
N/A,11,442496,Chapa Bifeteira Com Pé,Unidade,24.0,6198.33,4895.11,21.025340696606996,148759.91999999998,117482.63999999998, Midea, ZCK305BB,Adjudicado e Homologado,"Chapa tipo Americana a Gás, com pé,18mm, fácil limpeza CGP150. 
Medidas aproximadas: 
Largura: 1500 mm 
Altura: 420 mm 
Profundidade: 800 mm 
Cavalete: Altura: 870 mm / Profundidade: 540mm",791181,CENT.INTEND.DA MARINHA EM S.PEDRO DA ALDEIA,37,2023,SRP - Registro de Preço,"Registro de preços para aquisição de material permanente de eletrodomésticos, eletroeletrônicos e condicionadores de ar para as Organizações Militares (OM) apoiadas pelo Complexo Aeronaval de São Pedro da Aldeia.",4895.11,N/A,ADRIANA PEREIRA CAMELLO,3D PROJETOS E ASSESSORIA EM INFORMATICA LTDA,07.766.048/0002-35,,,,,,
N/A,12,442496,Chapa Bifeteira Com Pé (Cota Reservada ME-EPP),Unidade,20.0,3490.75,2400.0,31.246866719186418,69815.0,48000.0, HISENSE CONECT, 12K,Adjudicado e Homologado,"Chapa tipo Americana a Gás, com pé,18mm, fácil limpeza CGP150. 
Medidas aproximadas: 
Largura: 1500 mm 
Altura: 420 mm 
Profundidade: 800 mm 
Cavalete: Altura: 870 mm / Profundidade: 540mm",791181,CENT.INTEND.DA MARINHA EM S.PEDRO DA ALDEIA,37,2023,SRP - Registro de Preço,"Registro de preços para aquisição de material permanente de eletrodomésticos, eletroeletrônicos e condicionadores de ar para as Organizações Militares (OM) apoiadas pelo Complexo Aeronaval de São Pedro da Aldeia.",2400.0,N/A,ADRIANA PEREIRA CAMELLO,A.L.R. PEREIRA COMERCIO ATACADISTA DE MAQUINAS E PECAS,31.888.692/0001-80,,,,,,
N/A,13,255374,Fogão Industrial 8 Bocas,Unidade,19.0,4925.33,N/A,,,,,,Anulado e Homologado,"Fogão Industrial 8 bocas - Alta Pressão; Registros em latão forjado. 
Tubo de distribuição de gás com tampão e bico de entrada de gás reversível / Grelhas de ferro fundido / Queimadores em ferro fundido / Bandeja coletora de resíduos em chapa de aço galvanizada / Pressão: Alta Pressão / Grelhas: 40x40 Cm Com 8 Pontas
Metal: Inox / Forno: Tem / Banho Maria: Não Tem / Chapa: Não Tem / Paneleiro: Tem / Bocas: 8 / Queimador Duplo: Não Tem / Medidas: 2.20 X 1.20 X 0.80 / Medida Do Perfil: 10 Cm / Diâmetro Queimadores: 11 Cm / Distância Entre As Grelhas: 10 Cm
Linha: Stand Extra Inox / Posição Na Cozinha: Centro 
Cor: Inox (Garantia mínima de 6 meses)",791181,CENT.INTEND.DA MARINHA EM S.PEDRO DA ALDEIA,37,2023,SRP - Registro de Preço,"Registro de preços para aquisição de material permanente de eletrodomésticos, eletroeletrônicos e condicionadores de ar para as Organizações Militares (OM) apoiadas pelo Complexo Aeronaval de São Pedro da Aldeia.",N/A,N/A,,,,,,,,,
N/A,14,457010,Forno Combinado Com 20 Gns,Unidade,34.0,1091.64,659.0,39.632113150855595,37115.76,22406.0, Libell ou similar," Bebedouro Água Tipo: Pressão , Características Adi",Adjudicado e Homologado,"Forno Combinado Elétrico 20 Gns, com carro gaiola, Tecnologia Steam Power e Higienização Automática – 380v, trifásico.
Dimensões Externas (LxPxA): 103 x 109 x 196cm
Material: Aço Inox Escovado
Capacidade: 20 x 1/1 GN x 65mm (não inclusas)
Higienização: Automática / Voltagem: 220V Trifásico / Potência: 29.700 Watts
Disjuntor: 100A / Tomada: 125A (3 pinos + terra) / Garantia: 12 meses 
A empresa vencedora deverá ter representante na área de Brasília.",791181,CENT.INTEND.DA MARINHA EM S.PEDRO DA ALDEIA,37,2023,SRP - Registro de Preço,"Registro de preços para aquisição de material permanente de eletrodomésticos, eletroeletrônicos e condicionadores de ar para as Organizações Militares (OM) apoiadas pelo Complexo Aeronaval de São Pedro da Aldeia.",659.0,N/A,ADRIANA PEREIRA CAMELLO,ANA ROSA SAMPAIO DE MELO SOUSA,14.908.231/0001-02,,,,,,
N/A,15,457010,Forno Combinado Com 20 Gns (Cota Reservada ME-EPP),Unidade,48.0,802.46,514.0,35.94696308850286,38518.08,24672.0, libell, ACQUAFLEX HERMETICO,Adjudicado e Homologado,"Forno Combinado Elétrico 20 Gns, com carro gaiola, Tecnologia Steam Power e Higienização Automática – 380v, trifásico.
Dimensões Externas (LxPxA): 103 x 109 x 196cm
Material: Aço Inox Escovado
Capacidade: 20 x 1/1 GN x 65mm (não inclusas)
Higienização: Automática / Voltagem: 220V Trifásico / Potência: 29.700 Watts
Disjuntor: 100A / Tomada: 125A (3 pinos + terra) / Garantia: 12 meses 
A empresa vencedora deverá ter representante na área de Brasília.",791181,CENT.INTEND.DA MARINHA EM S.PEDRO DA ALDEIA,37,2023,SRP - Registro de Preço,"Registro de preços para aquisição de material permanente de eletrodomésticos, eletroeletrônicos e condicionadores de ar para as Organizações Militares (OM) apoiadas pelo Complexo Aeronaval de São Pedro da Aldeia.",514.0,N/A,ADRIANA PEREIRA CAMELLO,PRIMER SOLUCOES LTDA,47.725.628/0001-18,,,,,,
N/A,16,457010,Forno Combinado Com 10 Gns,Unidade,115.0,204.24,138.0,32.432432432432435,23487.600000000002,15870.0, mondial, mondial,Adjudicado e Homologado,"Forno Combinado Elétrico 10 Gns, com carro gaiola
Tecnologia Steam Power e Higienização Automática – 380v, trifásico. 
Capacidade: 10 GN’s 1/1 x 65mm (não acompanham o produto - vendidas separadamente) / Disponível na voltagem: TRIF. 220V / TRIF. 380V
Altura: 1,05 cm / Largura: 0,76 cm / Comprimento: 1,05 cm / Peso: 173 kg",791181,CENT.INTEND.DA MARINHA EM S.PEDRO DA ALDEIA,37,2023,SRP - Registro de Preço,"Registro de preços para aquisição de material permanente de eletrodomésticos, eletroeletrônicos e condicionadores de ar para as Organizações Militares (OM) apoiadas pelo Complexo Aeronaval de São Pedro da Aldeia.",138.0,N/A,ADRIANA PEREIRA CAMELLO,ULTRA MAX COMERCIAL LTDA,39.421.287/0001-69,,,,,,
N/A,17,457010,Forno Combinado Com 10 Gns (Cota Reservada ME-EPP),Unidade,49.0,831.66,551.0,33.74696390351826,40751.34,26999.0, AGRATTO, AGRATTO AGRATTO,Adjudicado e Homologado,"Forno Combinado Elétrico 10 Gns, com carro gaiola
Tecnologia Steam Power e Higienização Automática – 380v, trifásico. 
Capacidade: 10 GN’s 1/1 x 65mm (não acompanham o produto - vendidas separadamente) / Disponível na voltagem: TRIF. 220V / TRIF. 380V
Altura: 1,05 cm / Largura: 0,76 cm / Comprimento: 1,05 cm / Peso: 173 kg",791181,CENT.INTEND.DA MARINHA EM S.PEDRO DA ALDEIA,37,2023,SRP - Registro de Preço,"Registro de preços para aquisição de material permanente de eletrodomésticos, eletroeletrônicos e condicionadores de ar para as Organizações Militares (OM) apoiadas pelo Complexo Aeronaval de São Pedro da Aldeia.",551.0,N/A,ADRIANA PEREIRA CAMELLO,SUL AGUA EQUIPAMENTOS LTDA,46.344.050/0001-97,,,,,,
N/A,18,402447,Caldeirão Industrial Autoclavado 500 L,Unidade,40.0,1531.0,967.0,36.83866753755716,61240.0,38680.0, ELECTROLUX, EM120,Adjudicado e Homologado,"Caldeirão Industrial a Gás, autogerador de Vapor, 500l
Tampa tipo americana. 
Construído em aço inoxidável. 
Panela interna de cocção e revestimento externo em aço inoxidável. 
Com isolação térmica em lã de vidro. 
Dimensões: 1405x910 mm",791181,CENT.INTEND.DA MARINHA EM S.PEDRO DA ALDEIA,37,2023,SRP - Registro de Preço,"Registro de preços para aquisição de material permanente de eletrodomésticos, eletroeletrônicos e condicionadores de ar para as Organizações Militares (OM) apoiadas pelo Complexo Aeronaval de São Pedro da Aldeia.",967.0,N/A,ADRIANA PEREIRA CAMELLO,PRIMER SOLUCOES LTDA,47.725.628/0001-18,,,,,,
N/A,19,402447,Caldeirão Industrial Autoclavado 500 L (Cota Reservada ME-EPP),Unidade,57.0,854.63,639.0,25.230801633455414,48713.909999999996,36423.0, TOYAMA DO BRASIL, TEPW2200,Adjudicado e Homologado,"Caldeirão Industrial a Gás, autogerador de Vapor, 500l
Tampa tipo americana. 
Construído em aço inoxidável. 
Panela interna de cocção e revestimento externo em aço inoxidável. 
Com isolação térmica em lã de vidro. 
Dimensões: 1405x910 mm",791181,CENT.INTEND.DA MARINHA EM S.PEDRO DA ALDEIA,37,2023,SRP - Registro de Preço,"Registro de preços para aquisição de material permanente de eletrodomésticos, eletroeletrônicos e condicionadores de ar para as Organizações Militares (OM) apoiadas pelo Complexo Aeronaval de São Pedro da Aldeia.",639.0,N/A,ADRIANA PEREIRA CAMELLO,DIOGO EMANUEL KUHN & CIA. LTDA,36.374.350/0001-65,,,,,,
N/A,20,283613,Pass Through Quente,Unidade,55.0,504.28,162.0,67.87499008487347,27735.399999999998,8910.0, EOS, 750W,Adjudicado e Homologado,"Estufa Elétrica para Cozinha (Pass Through Quente); Características:
Revestimento Interno E Externo Em Aço Inox 430;
Controlador Digital De Temperatura,
Aquecimento Através De Resistências Blindadas Localizadas No Fundo Do Equipamento / Portas Sólidas E Com Travas / Rodízios Para Locomoção Com Travas / 
12 Pares De Trilhos Para Armazenamento De Até 24 Cubas De 1/1Gn X 100Mm (2 Cubas Por Trilho) / Opcional Portas De Vidro Duplo Antiembaçante;
Equipamento 220V Monofásico.",791181,CENT.INTEND.DA MARINHA EM S.PEDRO DA ALDEIA,37,2023,SRP - Registro de Preço,"Registro de preços para aquisição de material permanente de eletrodomésticos, eletroeletrônicos e condicionadores de ar para as Organizações Militares (OM) apoiadas pelo Complexo Aeronaval de São Pedro da Aldeia.",162.0,N/A,ADRIANA PEREIRA CAMELLO,"DUCS COMERCIO, SERVICOS E IMPORTACOES LTDA.",18.304.284/0001-75,,,,,,
N/A,21,283613,Pass Through Quente (Cota Reservada ME-EPP),Unidade,33.0,4216.33,2800.0,33.59153576688732,139138.88999999998,92400.0, CONTINENTAL, TC56,Adjudicado e Homologado,"Estufa Elétrica para Cozinha (Pass Through Quente); Características:
Revestimento Interno E Externo Em Aço Inox 430;
Controlador Digital De Temperatura,
Aquecimento Através De Resistências Blindadas Localizadas No Fundo Do Equipamento / Portas Sólidas E Com Travas / Rodízios Para Locomoção Com Travas / 
12 Pares De Trilhos Para Armazenamento De Até 24 Cubas De 1/1Gn X 100Mm (2 Cubas Por Trilho) / Opcional Portas De Vidro Duplo Antiembaçante;
Equipamento 220V Monofásico.",791181,CENT.INTEND.DA MARINHA EM S.PEDRO DA ALDEIA,37,2023,SRP - Registro de Preço,"Registro de preços para aquisição de material permanente de eletrodomésticos, eletroeletrônicos e condicionadores de ar para as Organizações Militares (OM) apoiadas pelo Complexo Aeronaval de São Pedro da Aldeia.",2800.0,N/A,ADRIANA PEREIRA CAMELLO,PRIMER SOLUCOES LTDA,47.725.628/0001-18,,,,,,
N/A,22,483276,Pass Trough Refrigerado ,Unidade,48.0,503.89,266.97,47.01819841632101,24186.72,12814.560000000001, WAP, WAP SERRA MARMORE ESM1300-1,Adjudicado e Homologado,"Refrigerador de alimentos, 2 Portas
Dimensões Externas (LxPxA): 71 x 80 x 205cm
Material: Aço Inox 430 (interno e externo) / Capacidade: 24 cubas de 1/1GN x 100mm (não inclusas) / Refrigeração: Ar Forçado / Temperatura: +2ºC a +10ºC
Voltagem: 220V",791181,CENT.INTEND.DA MARINHA EM S.PEDRO DA ALDEIA,37,2023,SRP - Registro de Preço,"Registro de preços para aquisição de material permanente de eletrodomésticos, eletroeletrônicos e condicionadores de ar para as Organizações Militares (OM) apoiadas pelo Complexo Aeronaval de São Pedro da Aldeia.",266.97,N/A,ADRIANA PEREIRA CAMELLO,BT COMERCIO INTELIGENTE LTDA,45.329.312/0001-81,,,,,,
,23,483276,Pass Trough Refrigerado (Cota Reservada ME-EPP),,,,,,,,,,,"Refrigerador de alimentos, 2 Portas
Dimensões Externas (LxPxA): 71 x 80 x 205cm
Material: Aço Inox 430 (interno e externo) / Capacidade: 24 cubas de 1/1GN x 100mm (não inclusas) / Refrigeração: Ar Forçado / Temperatura: +2ºC a +10ºC
Voltagem: 220V",,,,,,,,,,,,,,,,,
N/A,24,481373,Liquidificador Industrial 25 L,Unidade,108.0,192.93,45.0,76.67547815269788,20836.440000000002,4860.0, Elgin, Elgin,Adjudicado e Homologado,"Liquidificador Industrial 25 l Basculante. Dimensões: 39x52,5x117,5cm
Capacidade: 25 Litros
Modelo: LB-25MB
Alimentação: Elétrico
Voltagem: 220V / Potência: 1,5 cv
Consumo: 1,55 kw/h
Velocidade: 3500 rpm",791181,CENT.INTEND.DA MARINHA EM S.PEDRO DA ALDEIA,37,2023,SRP - Registro de Preço,"Registro de preços para aquisição de material permanente de eletrodomésticos, eletroeletrônicos e condicionadores de ar para as Organizações Militares (OM) apoiadas pelo Complexo Aeronaval de São Pedro da Aldeia.",45.0,N/A,ADRIANA PEREIRA CAMELLO,LICITEMAX COMERCIO E SERVICOS LTDA,54.113.262/0001-91,,,,,,
N/A,25,431283,Liquidificador Industrial 15 L,Unidade,156.0,199.63,116.0,41.892501127085104,31142.28,18096.0, INTELBRAS - TS2510, INTELBRAS - TS2510,Adjudicado e Homologado,"Material: Copo em Aço Inox | Cavalete em Aço Pintado
Capacidade: 15 litros
Potência: 1,5CV
Rotação: 3500 Rpm
Voltagem: 220V
Frequência: 60Hz",791181,CENT.INTEND.DA MARINHA EM S.PEDRO DA ALDEIA,37,2023,SRP - Registro de Preço,"Registro de preços para aquisição de material permanente de eletrodomésticos, eletroeletrônicos e condicionadores de ar para as Organizações Militares (OM) apoiadas pelo Complexo Aeronaval de São Pedro da Aldeia.",116.0,N/A,ADRIANA PEREIRA CAMELLO,HABITUS DIGITAL - COMERCIO E SERVICOS DE INFORMATICA LTDA,41.010.343/0001-14,,,,,,
N/A,26,473222,Multiprocessador De Alimentos,Unidade,52.0,2835.08,1502.05,47.01913173525968,147424.16,78106.59999999999, MULTILASER, TL067M,Adjudicado e Homologado,"Processador de Alimentos com 6 Discos, 220v.
Especificações Técnicas / Potência do Motor: 1CV / Frequência: 60Hz / Tensão: 220V
Altura: 775.00 mm / Largura: 710.00 mm
Profundidade: 520.00 mm / Peso Líquido: 71.50 kg
Peso Bruto: 99.00 kg / Diâmetro do Disco: 429 mm / Rotação do Disco: 510 rpm
Produção: 400 kg/h / Diâmetro do Bocal Redondo: 161 mm
(Referência: PA-14-N ou de qualidade equivalente)",791181,CENT.INTEND.DA MARINHA EM S.PEDRO DA ALDEIA,37,2023,SRP - Registro de Preço,"Registro de preços para aquisição de material permanente de eletrodomésticos, eletroeletrônicos e condicionadores de ar para as Organizações Militares (OM) apoiadas pelo Complexo Aeronaval de São Pedro da Aldeia.",1502.05,N/A,ADRIANA PEREIRA CAMELLO,BT COMERCIO INTELIGENTE LTDA,45.329.312/0001-81,,,,,,
N/A,27,465888,Cortador De Legumes Aranha,Unidade,35.0,2254.46,975.0,56.7523930342521,78906.1,34125.0, TRS32SFA11, TRS32SFA11,Adjudicado e Homologado,"Cortador E Picador De Legumes Palito Industrial
Corpo: Alumínio fundido / Facas: Aço Inox
Cabo: Alumínio fundido basculante: Alumínio fundido Bordas: Alumínio Pintura: Eletrostática.
Dimensões AxLxP (montado): 112x36x44 cm 
Acompanha Tripé Com 75Cm De Altura, Deixando A Máquina Na Altura Ideal De Trabalho; Área de corte: 10x10 cm ",791181,CENT.INTEND.DA MARINHA EM S.PEDRO DA ALDEIA,37,2023,SRP - Registro de Preço,"Registro de preços para aquisição de material permanente de eletrodomésticos, eletroeletrônicos e condicionadores de ar para as Organizações Militares (OM) apoiadas pelo Complexo Aeronaval de São Pedro da Aldeia.",975.0,N/A,ADRIANA PEREIRA CAMELLO,BRAVAR COMERCIO E SERVICOS LTDA,34.822.886/0001-70,,,,,,
N/A,28,258164,Geladeira Industrial 4 Portas,Unidade,101.0,357.1,223.0,37.55250630075609,36067.100000000006,22523.0, VENTISOL, VENTISOL,Adjudicado e Homologado,"Geladeira Industrial 4 Portas, 220v. Isolamento Térmico 100% Injetado Em Poliuretano De Alta Densidade; Revestimento Externo E Interno Em Aço Inox Brilhante; Sistema De Refrigeração: Ar-Forçado (Frost Free), Ecológico E Econômico; 3 Níveis De Prateleiras Aramadas, Reguláveis E Pintadas Em Epóxi Branco; Controlador Eletrônico Digital Com Indicador De Temperatura; Degelo Automático;
Dimensões Externas (LxPxA): 128,5 x 64 x 200cm
Capacidade: 1029 Litros / Prateleiras: 3",791181,CENT.INTEND.DA MARINHA EM S.PEDRO DA ALDEIA,37,2023,SRP - Registro de Preço,"Registro de preços para aquisição de material permanente de eletrodomésticos, eletroeletrônicos e condicionadores de ar para as Organizações Militares (OM) apoiadas pelo Complexo Aeronaval de São Pedro da Aldeia.",223.0,N/A,ADRIANA PEREIRA CAMELLO,33.529.762 CRISTIANE BISPO SANTOS,33.529.762/0001-39,,,,,,
N/A,29,258164,Geladeira Industrial 4 Portas (Cota Reservada ME-EPP),Unidade,66.0,330.25,139.9,57.63815291445874,21796.5,9233.4, mondial, mondial,Adjudicado e Homologado,"Geladeira Industrial 4 Portas, 220v. Isolamento Térmico 100% Injetado Em Poliuretano De Alta Densidade; Revestimento Externo E Interno Em Aço Inox Brilhante; Sistema De Refrigeração: Ar-Forçado (Frost Free), Ecológico E Econômico; 3 Níveis De Prateleiras Aramadas, Reguláveis E Pintadas Em Epóxi Branco; Controlador Eletrônico Digital Com Indicador De Temperatura; Degelo Automático;
Dimensões Externas (LxPxA): 128,5 x 64 x 200cm
Capacidade: 1029 Litros / Prateleiras: 3",791181,CENT.INTEND.DA MARINHA EM S.PEDRO DA ALDEIA,37,2023,SRP - Registro de Preço,"Registro de preços para aquisição de material permanente de eletrodomésticos, eletroeletrônicos e condicionadores de ar para as Organizações Militares (OM) apoiadas pelo Complexo Aeronaval de São Pedro da Aldeia.",139.9,N/A,ADRIANA PEREIRA CAMELLO,ULTRA MAX COMERCIAL LTDA,39.421.287/0001-69,,,,,,
N/A,30,486585,Refrigerador Duplex,Unidade,64.0,453.13,199.29,56.01924392558427,29000.32,12754.56, VENTISOL, VENTISOL VENTISOL,Adjudicado e Homologado,"Refrigerador Duplex Capacidade Refrigeração: 391 L
Capacidade Congelador: 188 L  / Tipo: Vertical
Tipo Portas: Reversíveis / Sistema Degelo: Frost Free
Cor: Inox / Tensão Alimentação: Bivolt V
Características Adicionais: Prateleiras Reguláveis / Iluminação Led",791181,CENT.INTEND.DA MARINHA EM S.PEDRO DA ALDEIA,37,2023,SRP - Registro de Preço,"Registro de preços para aquisição de material permanente de eletrodomésticos, eletroeletrônicos e condicionadores de ar para as Organizações Militares (OM) apoiadas pelo Complexo Aeronaval de São Pedro da Aldeia.",199.29,N/A,ADRIANA PEREIRA CAMELLO,SUL AGUA EQUIPAMENTOS LTDA,46.344.050/0001-97,,,,,,
N/A,31,445210,Freezer Horizontal,Unidade,40.0,603.92,515.0,14.723804477414227,24156.8,20600.0, EOS, EFM01PRO-110v ,Adjudicado e Homologado,"Freezer Tipo: Horizontal / Capacidade: 510 L
Quantidade Tampas: 2 UN
Sistema Degelo: Manual
Cor: Branca
Temperatura Operação: (-16 À -20°) E (+1 À +7°) °C
Tensão Alimentação: 220 V
Características Adicionais: Dreno Frontal Com Tampa E Rodízios",791181,CENT.INTEND.DA MARINHA EM S.PEDRO DA ALDEIA,37,2023,SRP - Registro de Preço,"Registro de preços para aquisição de material permanente de eletrodomésticos, eletroeletrônicos e condicionadores de ar para as Organizações Militares (OM) apoiadas pelo Complexo Aeronaval de São Pedro da Aldeia.",515.0,N/A,ADRIANA PEREIRA CAMELLO,LANCA PRODUTOS - COMERCIO E SERVICOS LTDA,44.258.379/0001-00,,,,,,
,32,445210,Freezer Horizontal (Cota Reservada ME-EPP),,,,,,,,,,,"Freezer Tipo: Horizontal / Capacidade: 510 L
Quantidade Tampas: 2 UN
Sistema Degelo: Manual
Cor: Branca
Temperatura Operação: (-16 À -20°) E (+1 À +7°) °C
Tensão Alimentação: 220 V
Características Adicionais: Dreno Frontal Com Tampa E Rodízios",,,,,,,,,,,,,,,,,
,33,479243,Forno Micro-Ondas,,,,,,,,,,,"Forno Micro-ondas
Material: Aço Inoxidável / Capacidade: 31 L / Potência: 1.400 W
Voltagem: 220 V
Características Adicionais: Timer, Prato Giratório, Auto Descongelamento",,,,,,,,,,,,,,,,,
N/A,34,487318,Máquina De Gelo,Unidade,44.0,368.16,271.0,26.39069969578445,16199.04,11924.0, mondial, mondial,Adjudicado e Homologado,"Máquina de gelo em cubas 100kg/dia, 220v.
Capacidade do reservatório: 40kg ou maior
Peso do gelo: aproximadamente 6g / Tipo de gelo: cubos / Material: aço inox
Potência: 270w / Dimensão aproximada do produto ( l x p x a): 67 x 66 x 120cm
Peso produto: 77kg
(Referência SRM-105A ou de qualidade equivalente) ",791181,CENT.INTEND.DA MARINHA EM S.PEDRO DA ALDEIA,37,2023,SRP - Registro de Preço,"Registro de preços para aquisição de material permanente de eletrodomésticos, eletroeletrônicos e condicionadores de ar para as Organizações Militares (OM) apoiadas pelo Complexo Aeronaval de São Pedro da Aldeia.",271.0,N/A,ADRIANA PEREIRA CAMELLO,ULTRA MAX COMERCIAL LTDA,39.421.287/0001-69,,,,,,
N/A,35,487318,Máquina De Gelo (Cota Reservada ME-EPP),Unidade,29.0,436.49,402.97,7.679442828014382,12658.210000000001,11686.130000000001, TANDER, TANDER,Adjudicado e Homologado,"Máquina de gelo em cubas 100kg/dia, 220v.
Capacidade do reservatório: 40kg ou maior
Peso do gelo: aproximadamente 6g / Tipo de gelo: cubos / Material: aço inox
Potência: 270w / Dimensão aproximada do produto ( l x p x a): 67 x 66 x 120cm
Peso produto: 77kg
(Referência SRM-105A ou de qualidade equivalente) ",791181,CENT.INTEND.DA MARINHA EM S.PEDRO DA ALDEIA,37,2023,SRP - Registro de Preço,"Registro de preços para aquisição de material permanente de eletrodomésticos, eletroeletrônicos e condicionadores de ar para as Organizações Militares (OM) apoiadas pelo Complexo Aeronaval de São Pedro da Aldeia.",402.97,N/A,ADRIANA PEREIRA CAMELLO,META COMERCIO DE FERRAGENS E FERRAMENTAS LTDA,27.518.373/0001-05,,,,,,
N/A,36,445256,Cortador De Frios,Unidade,37.0,648.0,600.0,7.4074074074074066,23976.0,22200.0, Nardelli, Nardelli,Adjudicado e Homologado,"Fatiador de Frios, automático, 220v.
Informações Técnicas: Referência: AXT-30i
Chave seletora de energia 110V / 220V.
Regulagem de corte de alta precisão / Bandeja porta frios com 40º de inclinação
Protetor de faca de corte / Produção média de 40 fatias por minuto
Potência do motor de 0,33 cv / Motorização refrigerada
Dimensões (LxAxP): 55,5 x 59 x 57 cm / Peso: 30,5 kg",791181,CENT.INTEND.DA MARINHA EM S.PEDRO DA ALDEIA,37,2023,SRP - Registro de Preço,"Registro de preços para aquisição de material permanente de eletrodomésticos, eletroeletrônicos e condicionadores de ar para as Organizações Militares (OM) apoiadas pelo Complexo Aeronaval de São Pedro da Aldeia.",600.0,N/A,ADRIANA PEREIRA CAMELLO,TECNOS SUPORTE EMPRESARIAL LTDA..,08.892.066/0001-45,,,,,,
N/A,37,253635,Moedor De Carne Industrial,Unidade,25.0,685.22,604.04,11.847289921485082,17130.5,15101.0, PHILCO, PHILCO PHILCO,Adjudicado e Homologado,"Moedor de Carne com Alimentador automático, Trifásico, 220 V.
Estrutura: Aço inox 304. 
A Capa Externa E A Bandeja São Produzidas Em Aço Inox
Duplo Corte: Disco Pré-Cortador incluso
Sensor de Segurança: Mecânico / Potência do motor:3Cv / Produção: 700 kg/h",791181,CENT.INTEND.DA MARINHA EM S.PEDRO DA ALDEIA,37,2023,SRP - Registro de Preço,"Registro de preços para aquisição de material permanente de eletrodomésticos, eletroeletrônicos e condicionadores de ar para as Organizações Militares (OM) apoiadas pelo Complexo Aeronaval de São Pedro da Aldeia.",604.04,N/A,ADRIANA PEREIRA CAMELLO,SUL AGUA EQUIPAMENTOS LTDA,46.344.050/0001-97,,,,,,
N/A,38,442377,Serra Fita Para Ossos,Unidade,47.0,486.83,399.0,18.041205348889754,22881.01,18753.0, AMVOX, AMVOX,Adjudicado e Homologado,"Serra fita  - estrutura em aço inox 430
Sistema de segurança eletrônico que impede o contato com a lâmina de corte enquanto a máquina estiver em uso / Características Modelo: 
Comprimento da Lâmina: 2.820mm / Largura do Corte: 315mm
Altura do Corte: 285mm / Voltagem: 220V / Potência: 2,0 CV
(Referência SL-282 ou de qualidade equivalente)",791181,CENT.INTEND.DA MARINHA EM S.PEDRO DA ALDEIA,37,2023,SRP - Registro de Preço,"Registro de preços para aquisição de material permanente de eletrodomésticos, eletroeletrônicos e condicionadores de ar para as Organizações Militares (OM) apoiadas pelo Complexo Aeronaval de São Pedro da Aldeia.",399.0,N/A,ADRIANA PEREIRA CAMELLO,FAEMED COMERCIO EM GERAL LTDA,47.240.895/0001-03,,,,,,
N/A,39,442377,Serra Fita Para Ossos (Cota Reservada ME-EPP),Unidade,27.0,500.0,400.85,19.82999999999999,13500.0,10822.95, AMVOX, AMVOX,Adjudicado e Homologado,"Serra fita  - estrutura em aço inox 430
Sistema de segurança eletrônico que impede o contato com a lâmina de corte enquanto a máquina estiver em uso / Características Modelo: 
Comprimento da Lâmina: 2.820mm / Largura do Corte: 315mm
Altura do Corte: 285mm / Voltagem: 220V / Potência: 2,0 CV
(Referência SL-282 ou de qualidade equivalente)",791181,CENT.INTEND.DA MARINHA EM S.PEDRO DA ALDEIA,37,2023,SRP - Registro de Preço,"Registro de preços para aquisição de material permanente de eletrodomésticos, eletroeletrônicos e condicionadores de ar para as Organizações Militares (OM) apoiadas pelo Complexo Aeronaval de São Pedro da Aldeia.",400.85,N/A,ADRIANA PEREIRA CAMELLO,FAEMED COMERCIO EM GERAL LTDA,47.240.895/0001-03,,,,,,
,40,384273,Balança Elétrica,,,,,,,,,,,"Dados Técnicos:
Capacidade de carga (Kg): 300kg
Dimensões: 56 x 37
Divisão (g): 100g / Peso (Kg): 23
Referência Balmak: BKH – 300",,,,,,,,,,,,,,,,,
N/A,41,330755,Câmara De Fermentação De Pães,Unidade,28.0,207.33,132.3,36.18868470554189,5805.240000000001,3704.4000000000005, mondial, mondial,Adjudicado e Homologado,"Câmara Climática, 1200 Pães, Inox - 220V
Temperatura: +30° a +35°C / Aquecimento: Resistência Blindada
Controle de Temperatura: Controlador eletrônico (termostato, timer, termômetro digital) / Gabinete com rodízios, para facilitar a locomoção do equipamento
Vaporizador que ajuda a umidificar a massa evitando o seu ressecamento / Prateleiras reguláveis e ajustável na largura de 520 a 700mm / Revestimento interno em aço inox 430 / Revestimento externo frontal em aço inox 304 e laterais em Aço revestido Tipo Inox / Dimensões (LxAxP) 87,5 x 208,5 x 138,5 cm / Peso: 271 Kg
(Referência: GCTP-1200 ou de qualidade equivalente)",791181,CENT.INTEND.DA MARINHA EM S.PEDRO DA ALDEIA,37,2023,SRP - Registro de Preço,"Registro de preços para aquisição de material permanente de eletrodomésticos, eletroeletrônicos e condicionadores de ar para as Organizações Militares (OM) apoiadas pelo Complexo Aeronaval de São Pedro da Aldeia.",132.3,N/A,ADRIANA PEREIRA CAMELLO,ULTRA MAX COMERCIAL LTDA,39.421.287/0001-69,,,,,,
N/A,42,330755,Câmara De Fermentação De Pães (Cota Reservada ME-EPP),Unidade,40.0,243.42,189.0,22.356421000739456,9736.8,7560.0, mondial, mondial,Adjudicado e Homologado,"Câmara Climática, 1200 Pães, Inox - 220V
Temperatura: +30° a +35°C / Aquecimento: Resistência Blindada
Controle de Temperatura: Controlador eletrônico (termostato, timer, termômetro digital) / Gabinete com rodízios, para facilitar a locomoção do equipamento
Vaporizador que ajuda a umidificar a massa evitando o seu ressecamento / Prateleiras reguláveis e ajustável na largura de 520 a 700mm / Revestimento interno em aço inox 430 / Revestimento externo frontal em aço inox 304 e laterais em Aço revestido Tipo Inox / Dimensões (LxAxP) 87,5 x 208,5 x 138,5 cm / Peso: 271 Kg
(Referência: GCTP-1200 ou de qualidade equivalente)",791181,CENT.INTEND.DA MARINHA EM S.PEDRO DA ALDEIA,37,2023,SRP - Registro de Preço,"Registro de preços para aquisição de material permanente de eletrodomésticos, eletroeletrônicos e condicionadores de ar para as Organizações Militares (OM) apoiadas pelo Complexo Aeronaval de São Pedro da Aldeia.",189.0,N/A,ADRIANA PEREIRA CAMELLO,ULTRA MAX COMERCIAL LTDA,39.421.287/0001-69,,,,,,
N/A,43,486185,Transpalete Hidráulico,Unidade,48.0,300.27,181.0,39.72091784061011,14412.96,8688.0, PHILCO, PHILCO,Adjudicado e Homologado,"Paleteira hidráulica manual / Indicado para movimentação de cargas acondicionadas em paletes / Possui pintura eletrostática a pó, proporcionando maior durabilidade e resistência / Especificações: Capacidade de carga do carro hidráulico: 2 toneladas
Elevação máxima: 200,0 mm / Largura útil dos garfos: 150,0 mm
Comprimento útil do garfo: 1150,0 mm / Material da roda do carro hidráulico: Nylon / Dimensões da roda dianteira: 180 x 50 mm / Dimensões da roda traseira: 70 x 80 mm – simples / Material da estrutura: Aço carbono reforçado
Altura do garfo: 53,0 mm / Altura total do carro hidráulico (cabo): 1186,0 mm / Altura mínima: 85,0 / Altura do solo até a base: 32,0 mm Comprimento total do carro hidráulico: 1520,0 mm / Largura: 680,0 mm; Largura mínima do corredor: 1720,0 mm / Raio de giro: 1265,0 mm",791181,CENT.INTEND.DA MARINHA EM S.PEDRO DA ALDEIA,37,2023,SRP - Registro de Preço,"Registro de preços para aquisição de material permanente de eletrodomésticos, eletroeletrônicos e condicionadores de ar para as Organizações Militares (OM) apoiadas pelo Complexo Aeronaval de São Pedro da Aldeia.",181.0,N/A,ADRIANA PEREIRA CAMELLO,FAEMED COMERCIO EM GERAL LTDA,47.240.895/0001-03,,,,,,
N/A,44,600067,Termômetro Infravermelho,Unidade,44.0,515.15,344.0,33.22333300980297,22666.6,15136.0, mondial, mondial,Adjudicado e Homologado,"Termômetro Laser Digital Infravermelho Tipo Pistola. Para Medição De Temperatura Da Superfície De Alimentos, Interior De Fornos, Geladeiras E Freezers. Material: Plástico e LCD
Medição: Celsius e Fahrenheit / Temperatura: - 50 a 380ºC 
Precisão: +1,5ºC a -1,5ºC / Alimentação: 2 pilhas AAA (inclusas)",791181,CENT.INTEND.DA MARINHA EM S.PEDRO DA ALDEIA,37,2023,SRP - Registro de Preço,"Registro de preços para aquisição de material permanente de eletrodomésticos, eletroeletrônicos e condicionadores de ar para as Organizações Militares (OM) apoiadas pelo Complexo Aeronaval de São Pedro da Aldeia.",344.0,N/A,ADRIANA PEREIRA CAMELLO,ULTRA MAX COMERCIAL LTDA,39.421.287/0001-69,,,,,,
N/A,45,298065,Empilhadeira Semi-elétrica,Unidade,17.0,731.62,692.5,5.347038079877531,12437.54,11772.5, Nagano, Lixadeira girafa 750w 220v com coletor,Adjudicado e Homologado,"Empilhadeira Elétrica Retrátil, tração manual e elevação por acionamento elétrico. Bateria inclusa.
Dados Técnicos:
Empilhadeira Elétrica Capacidade: 1.000 KG / Tipo Torre: Simples / Corrente Alimentação: Contínua / Tensão Alimentação: 12 V / Altura Elevação Garfo: 2.600 MM, 
Largura Total: 790 MM/ Comprimento Total: 1.900 MM / Largura Externa Garfo: 560 MM / Altura Máxima Torre Abaixada: 1.850 MM / Peso: 456 Kg",791181,CENT.INTEND.DA MARINHA EM S.PEDRO DA ALDEIA,37,2023,SRP - Registro de Preço,"Registro de preços para aquisição de material permanente de eletrodomésticos, eletroeletrônicos e condicionadores de ar para as Organizações Militares (OM) apoiadas pelo Complexo Aeronaval de São Pedro da Aldeia.",692.5,N/A,ADRIANA PEREIRA CAMELLO,PROFIT ENTERPRISE LTDA,50.229.678/0001-19,,,,,,
N/A,46,423374,Cafeteira Industrial,Unidade,30.0,295.42,293.9,0.5145216979216216,8862.6,8817.0, Intech Machine, HV400,Adjudicado e Homologado,"Bojos Em Aço Inoxidável 304 – Material Apropriado Para Contato Com Alimentos E Bebidas; Capacidade de Café: 2 reservatórios de 20 Litros
Reservatórios: Aço inox 304 / Voltagem: 220V / Potência: 6500W / Potência: 6,5Kw/h / Garantia: 6 meses 
Resistências Blindadas De Alta Performance
Torneiras com identificação de ""café"" e ""água""
Termostato para controle de temperatura de 20ºc a 120ºc
Visor de nível para o reservatório de água e os reservatórios de café
Acompanha coador de pano
Ideal para manter o café aquecido em banho maria pronto para servir
Indicadas para refeitórios de indústrias ou locais com alto fluxo de pessoas / equipamento 220v monofásico.",791181,CENT.INTEND.DA MARINHA EM S.PEDRO DA ALDEIA,37,2023,SRP - Registro de Preço,"Registro de preços para aquisição de material permanente de eletrodomésticos, eletroeletrônicos e condicionadores de ar para as Organizações Militares (OM) apoiadas pelo Complexo Aeronaval de São Pedro da Aldeia.",293.9,N/A,ADRIANA PEREIRA CAMELLO,ELITE SUL COMERCIO LTDA,51.804.071/0001-88,,,,,,
N/A,47,423374,Cafeteira Industrial (Cota Reservada ME-EPP),Unidade,27.0,432.01,283.38,34.4042961968473,11664.27,7651.26, Black e Decker, Black e Decker Black e Decker,Adjudicado e Homologado,"Bojos Em Aço Inoxidável 304 – Material Apropriado Para Contato Com Alimentos E Bebidas; Capacidade de Café: 2 reservatórios de 20 Litros
Reservatórios: Aço inox 304 / Voltagem: 220V / Potência: 6500W / Potência: 6,5Kw/h / Garantia: 6 meses 
Resistências Blindadas De Alta Performance
Torneiras com identificação de ""café"" e ""água""
Termostato para controle de temperatura de 20ºc a 120ºc
Visor de nível para o reservatório de água e os reservatórios de café
Acompanha coador de pano
Ideal para manter o café aquecido em banho maria pronto para servir
Indicadas para refeitórios de indústrias ou locais com alto fluxo de pessoas / equipamento 220v monofásico.",791181,CENT.INTEND.DA MARINHA EM S.PEDRO DA ALDEIA,37,2023,SRP - Registro de Preço,"Registro de preços para aquisição de material permanente de eletrodomésticos, eletroeletrônicos e condicionadores de ar para as Organizações Militares (OM) apoiadas pelo Complexo Aeronaval de São Pedro da Aldeia.",283.38,N/A,ADRIANA PEREIRA CAMELLO,SUL AGUA EQUIPAMENTOS LTDA,46.344.050/0001-97,,,,,,
,48,430063,Carrinho Telado Para Transporte De Alimentos,,,,,,,,,,,"Carrinho caixa, todo telado, com meia porta, puxador e assoalho de chapa
Cod.: GML 31 CHA A/D
Carrinho caixa, todo telado, com meia porta, puxador tubular e assoalho de chapa. 
Capacidade para 500 Kg. 
Equipado com 4 rodízios de composto termoplástico com rolamento de esfera de 6”, sendo 2 fixos e 2 giratórios",,,,,,,,,,,,,,,,,
N/A,49,474330,Carrinho Inox Para Transporte De Alimentos,Unidade,14.0,1622.49,1229.09,24.246682568151424,22714.86,17207.26, MENEGOTTI, MOTOT MONO /1800W,Adjudicado e Homologado,"Carrinho Distribuição 
Material Bandeja: Chapa Aço Inoxidável 
Material Estrutura: Aço Inoxidável
Tipo: Carro Cuba De 190 Litros
Tipo Rodízio: Diâmetro De 5"", 4 Sendo 2 C/ Trava P/ Estacionar
Aplicação: transporte de carnes em açougues
Comprimento: 904 MM, Largura: 650 MM, Altura: 800 MM
Características adicionais: dreno com válvula de esfera para escoamento de líquidos",791181,CENT.INTEND.DA MARINHA EM S.PEDRO DA ALDEIA,37,2023,SRP - Registro de Preço,"Registro de preços para aquisição de material permanente de eletrodomésticos, eletroeletrônicos e condicionadores de ar para as Organizações Militares (OM) apoiadas pelo Complexo Aeronaval de São Pedro da Aldeia.",1229.09,N/A,ADRIANA PEREIRA CAMELLO,FAEMED COMERCIO EM GERAL LTDA,47.240.895/0001-03,,,,,,
N/A,50,457010,Forno Padaria Turbo 5 Estrelas,Unidade,17.0,586.54,457.6,21.983155454018476,9971.18,7779.200000000001, AMIRA, AMIRA,Adjudicado e Homologado,"Forno Turbo a Gás 5 Esteiras
Consumo elétrico 127 V / 220 V / 1,02 kW/h / 1,10 kW/h 
Consumo iluminação: 0,02 kW/h
Potência elétrica 127V / 220V: 998W / 1078W / Disjuntor de proteção 127V / 220 V:10A bipolar curva B / 6A bipolar curva B
Consumo de gás: 2,00 kg/h / Potência calorífica: 22.800 kcal/h / Pressão de gás: 2,8 kPa / Tensões: 127V ou 220V (não é bivolt) / Motor: 1/2 CV monofásico 127/220V 50/60 Hz / Peso: 150 kg 
(Referência: FTDG5 ou de qualidade equivalente)",791181,CENT.INTEND.DA MARINHA EM S.PEDRO DA ALDEIA,37,2023,SRP - Registro de Preço,"Registro de preços para aquisição de material permanente de eletrodomésticos, eletroeletrônicos e condicionadores de ar para as Organizações Militares (OM) apoiadas pelo Complexo Aeronaval de São Pedro da Aldeia.",457.6,N/A,ADRIANA PEREIRA CAMELLO,C&W COMERCIO EM GERAL LTDA,30.557.974/0001-31,,,,,,
,51,457010,Forno Padaria Turbo 5 Estrelas (Cota Reservada ME-EPP),,,,,,,,,,,"Forno Turbo a Gás 5 Esteiras
Consumo elétrico 127 V / 220 V / 1,02 kW/h / 1,10 kW/h 
Consumo iluminação: 0,02 kW/h
Potência elétrica 127V / 220V: 998W / 1078W / Disjuntor de proteção 127V / 220 V:10A bipolar curva B / 6A bipolar curva B
Consumo de gás: 2,00 kg/h / Potência calorífica: 22.800 kcal/h / Pressão de gás: 2,8 kPa / Tensões: 127V ou 220V (não é bivolt) / Motor: 1/2 CV monofásico 127/220V 50/60 Hz / Peso: 150 kg 
(Referência: FTDG5 ou de qualidade equivalente)",,,,,,,,,,,,,,,,,
,52,451529,Refresqueira Industrial 150 L,,,,,,,,,,,"Refresqueira Industrial
Material Estrutura: Aço Inoxidável Escovado
Material Depósito: Aço Inoxidável Tipo: 1 Despósito
Capacidade: 150 L
Tensão: 220 V
Aplicação: Serve Bebidas Frias
Características Adicionais: Torneira Tipo Alavanca, Pingadeira, Dreno, Rodízio",,,,,,,,,,,,,,,,,
N/A,53,451529,Refresqueira Industrial 150 L (Cota Reservada ME-EPP),Unidade,27.0,1918.86,1685.99,12.135851495158578,51809.219999999994,45521.73, FRAHM, GR5500BTG5,Adjudicado e Homologado,"Refresqueira Industrial
Material Estrutura: Aço Inoxidável Escovado
Material Depósito: Aço Inoxidável Tipo: 1 Despósito
Capacidade: 150 L
Tensão: 220 V
Aplicação: Serve Bebidas Frias
Características Adicionais: Torneira Tipo Alavanca, Pingadeira, Dreno, Rodízio",791181,CENT.INTEND.DA MARINHA EM S.PEDRO DA ALDEIA,37,2023,SRP - Registro de Preço,"Registro de preços para aquisição de material permanente de eletrodomésticos, eletroeletrônicos e condicionadores de ar para as Organizações Militares (OM) apoiadas pelo Complexo Aeronaval de São Pedro da Aldeia.",1685.99,N/A,ADRIANA PEREIRA CAMELLO,ESTACAO DA MUSICA LTDA,20.971.821/0001-82,,,,,,
N/A,54,317762,Sanduicheira Dupla Elétrica,Unidade,25.0,1101.85,807.25,26.736851658574214,27546.249999999996,20181.25, FRAHM, SLIM3000G5,Adjudicado e Homologado,"Sanduicheira Dupla
Material de Fabricação Gabinete em Aço Inox / Placas em alumínio fundido     Medidas do produto:
Profundidade: 50 cm / Largura: 79 cm / Altura: 30 cm
Informações Técnicas: 
Capacidade Nominal: 18 sanduíches
Potência(220v): 5000W / Potência(110v): 3300W / Corrente(220v): 22,7A / Corrente(110v): 25,9A / Peso Líquido: 23,4kg / Peso Bruto: 25,2kg / Consumo(220v): 2,5kw/h / Consumo(110v): 1,6kw/hh / GARANTIA: 6 meses",791181,CENT.INTEND.DA MARINHA EM S.PEDRO DA ALDEIA,37,2023,SRP - Registro de Preço,"Registro de preços para aquisição de material permanente de eletrodomésticos, eletroeletrônicos e condicionadores de ar para as Organizações Militares (OM) apoiadas pelo Complexo Aeronaval de São Pedro da Aldeia.",807.25,N/A,ADRIANA PEREIRA CAMELLO,ESTACAO DA MUSICA LTDA,20.971.821/0001-82,,,,,,
,55,449988,Lavadora Alta Pressão 1900 W,,,,,,,,,,,"Tensão / Voltagem 220V / Potência elétrica1900 W / Pressão máxima2450 PSI /  Vazão 360 L/h / Tipo de plugue: 3 pinos / Corrente elétrica / Amperagem: 10 A (220V) / Motor Indução / Tipo do bico: 1 Bico regulável (concentrado, leque e shampoo) e 1 Bico Turbo / Tamanho da mangueira: 5 m / Tipo da mangueira: Trama de aço / Comprimento cabo elétrico: 5 m / Tipo de sujeira: Moderada Incrustada / Garantia 01 ano / Peso bruto17 Kg / Peso líquido15,8 Kg / Tem Certificado Inmetro: Sim / Dimensões da caixa (C x L x A) 49 x 34,5 x 52 cm /  Dimensões do produto (C x L x A)29 x 30 x 76 cm
(Referência: FW006756 (220V) ou de qualidade equivalente ou superior)",,,,,,,,,,,,,,,,,
N/A,56,483292,Liquidificador Industrial 8 L,Unidade,26.0,1310.87,221.25,83.12189614530807,34082.619999999995,5752.5, LEXSEN, LM258V,Adjudicado e Homologado,"Liquidificador Industrial 
Material Copo: Aço Inoxidável / Material Base: Aço Inox
Capacidade: 8 L / Potência Motor: 0,50 CV, Tensão Nominal: 110 
Dimensões aproximadas do produto (cm) 75x33x32 cm
Peso aproximado do produto (kg) 5.300 kg / Frequência: 50 / Rotação: 4500 rpm
(Referência: LC8127V ou de qualidade equivalente ou superior)",791181,CENT.INTEND.DA MARINHA EM S.PEDRO DA ALDEIA,37,2023,SRP - Registro de Preço,"Registro de preços para aquisição de material permanente de eletrodomésticos, eletroeletrônicos e condicionadores de ar para as Organizações Militares (OM) apoiadas pelo Complexo Aeronaval de São Pedro da Aldeia.",221.25,N/A,ADRIANA PEREIRA CAMELLO,ESTACAO DA MUSICA LTDA,20.971.821/0001-82,,,,,,
N/A,57,451184,Liquidificador Doméstico 2 L,Unidade,27.0,639.47,130.0,79.67066476926205,17265.690000000002,3510.0, KADOSH, K 1,Adjudicado e Homologado,"Liquidificador 
Capacidade: 2 L
Potência: 350 W
Voltagem: 110 / 220 V
Uso: Doméstico
Características Adicionais: 3 Velocidades, Com Filtro E Batedor",791181,CENT.INTEND.DA MARINHA EM S.PEDRO DA ALDEIA,37,2023,SRP - Registro de Preço,"Registro de preços para aquisição de material permanente de eletrodomésticos, eletroeletrônicos e condicionadores de ar para as Organizações Militares (OM) apoiadas pelo Complexo Aeronaval de São Pedro da Aldeia.",130.0,N/A,ADRIANA PEREIRA CAMELLO,EL SHADAY INSTRUMENTOS MUSICAIS LTDA,51.775.562/0001-48,,,,,,
N/A,58,255706,Máquina De Lavar Louça Industrial,Unidade,26.0,1049.97,1024.98,2.3800680019429143,27299.22,26649.48, MUSICWAY, MW540W,Adjudicado e Homologado,"Lavadora de Louças Industrial. 
Capacidade mecânica: 250 gavetas por hora. Capacidade por gaveta: 18 pratos (~300 mm) ou 27 pratos (~190 mm) ou 36 pires (~120 mm) ou 09 bandejas (460 x 410 mm) ou 200 talheres ou 41 copos (67 mm) ou 36 copos (Ø70 mm) ou 49 xícaras de café (~60 mm) ou 25 xícaras de chá (~85 mm). Operações: pré lavagem, lavagem e enxágue, realizados através de braços superiores e inferiores. Sentido de operação: esquerda-direita ou direita-esquerda (reversível). Aquecimentos da solução de lavagem e da água de enxágue: elétricos.  Temperatura da solução de lavagem: de 55° a 65° C. Tipo de lavadora: multicâmara, com deslocamento das gavetas por esteira. Necessita o uso de mesas de apoio auxiliares específicas. Espaço útil de lavagem em mm (L x H): 500 x 430. Dimensões em mm (L x P x H): 1.650 x 930 x 1.380, sem as mesas auxiliares. Peso (sem embalagem): 333 kg.
(Referência: Netter NT 810 S MOP ou similar)",791181,CENT.INTEND.DA MARINHA EM S.PEDRO DA ALDEIA,37,2023,SRP - Registro de Preço,"Registro de preços para aquisição de material permanente de eletrodomésticos, eletroeletrônicos e condicionadores de ar para as Organizações Militares (OM) apoiadas pelo Complexo Aeronaval de São Pedro da Aldeia.",1024.98,N/A,ADRIANA PEREIRA CAMELLO,A.L.R. PEREIRA COMERCIO ATACADISTA DE MAQUINAS E PECAS,31.888.692/0001-80,,,,,,
N/A,59,255706,Máquina De Lavar Louça Industrial (Cota Reservada ME-EPP),Unidade,26.0,1019.67,390.0,61.75233163670599,26511.42,10140.0, Mondial, CM-250,Adjudicado e Homologado,"Lavadora de Louças Industrial. 
Capacidade mecânica: 250 gavetas por hora. Capacidade por gaveta: 18 pratos (~300 mm) ou 27 pratos (~190 mm) ou 36 pires (~120 mm) ou 09 bandejas (460 x 410 mm) ou 200 talheres ou 41 copos (67 mm) ou 36 copos (Ø70 mm) ou 49 xícaras de café (~60 mm) ou 25 xícaras de chá (~85 mm). Operações: pré lavagem, lavagem e enxágue, realizados através de braços superiores e inferiores. Sentido de operação: esquerda-direita ou direita-esquerda (reversível). Aquecimentos da solução de lavagem e da água de enxágue: elétricos.  Temperatura da solução de lavagem: de 55° a 65° C. Tipo de lavadora: multicâmara, com deslocamento das gavetas por esteira. Necessita o uso de mesas de apoio auxiliares específicas. Espaço útil de lavagem em mm (L x H): 500 x 430. Dimensões em mm (L x P x H): 1.650 x 930 x 1.380, sem as mesas auxiliares. Peso (sem embalagem): 333 kg.
(Referência: Netter NT 810 S MOP ou similar)",791181,CENT.INTEND.DA MARINHA EM S.PEDRO DA ALDEIA,37,2023,SRP - Registro de Preço,"Registro de preços para aquisição de material permanente de eletrodomésticos, eletroeletrônicos e condicionadores de ar para as Organizações Militares (OM) apoiadas pelo Complexo Aeronaval de São Pedro da Aldeia.",390.0,N/A,ADRIANA PEREIRA CAMELLO,K. K. D. BATISTA LTDA,44.816.310/0001-54,,,,,,
N/A,60,453490,Ventilador De Parede,Unidade,34.0,501.53,369.0,26.425139074432234,17052.02,12546.0, JBL, CIPLUS 6S,Adjudicado e Homologado,"Ventilador Tipo: Parede
Potência Motor: 200 W
Tensão Alimentação: 220 V
Características Adicionais: Hélice Com 3 Pás
Material: Aço / Diâmetro: 60 C",791181,CENT.INTEND.DA MARINHA EM S.PEDRO DA ALDEIA,37,2023,SRP - Registro de Preço,"Registro de preços para aquisição de material permanente de eletrodomésticos, eletroeletrônicos e condicionadores de ar para as Organizações Militares (OM) apoiadas pelo Complexo Aeronaval de São Pedro da Aldeia.",369.0,N/A,ADRIANA PEREIRA CAMELLO,A.R.T.E. COMERCIAL LTDA,05.019.519/0001-35,,,,,,
N/A,61,260540,Balcão Térmico Quente,Unidade,65.0,323.0,216.0,33.126934984520126,20995.0,14040.0, TS2512, INTELBRAS ,Adjudicado e Homologado,"Balcão Térmico
Tipo: Buffet Self Service Quente / Tensão Alimentação: 220 V
Aquecimento por resistência elétrica (Banho Maria), com corre prato e vitrine protetora superior em vidro curvo.
Dimensões aproximadas – 207,7x120,5x100cm. 
Material: Aço inox | Vidro Temperado
Capacidade: até 200 mm de profundidade – 10 cubas gn 1/2 ou 05 cubas gn 1/1 / Temperatura +40 a +90",791181,CENT.INTEND.DA MARINHA EM S.PEDRO DA ALDEIA,37,2023,SRP - Registro de Preço,"Registro de preços para aquisição de material permanente de eletrodomésticos, eletroeletrônicos e condicionadores de ar para as Organizações Militares (OM) apoiadas pelo Complexo Aeronaval de São Pedro da Aldeia.",216.0,N/A,ADRIANA PEREIRA CAMELLO,DELTACRUX LTDA,27.069.829/0001-05,,,,,,
N/A,62,260540,Balcão Térmico Quente (Cota Reservada ME-EPP),Unidade,29.0,2061.45,N/A,,,,,,Fracassado e Homologado,"Balcão Térmico
Tipo: Buffet Self Service Quente / Tensão Alimentação: 220 V
Aquecimento por resistência elétrica (Banho Maria), com corre prato e vitrine protetora superior em vidro curvo.
Dimensões aproximadas – 207,7x120,5x100cm. 
Material: Aço inox | Vidro Temperado
Capacidade: até 200 mm de profundidade – 10 cubas gn 1/2 ou 05 cubas gn 1/1 / Temperatura +40 a +90",791181,CENT.INTEND.DA MARINHA EM S.PEDRO DA ALDEIA,37,2023,SRP - Registro de Preço,"Registro de preços para aquisição de material permanente de eletrodomésticos, eletroeletrônicos e condicionadores de ar para as Organizações Militares (OM) apoiadas pelo Complexo Aeronaval de São Pedro da Aldeia.",N/A,N/A,,,,,,,,,
N/A,63,254906,Balcão Térmico Refrigerado,Unidade,29.0,626.07,311.0,50.32504352548437,18156.030000000002,9019.0, Intelbras, TIP 125I,Adjudicado e Homologado,"Balcão Térmico e refrigerado. 
Dimensões Aproximadas (LxPxA): 90 x 94 x 132cm. 
Com corre prato / Material: Aço inox | MDF | Granito | Vidro Temperado. 
Resfriamento: Compressor e Serpentina
Característica adicional: Pista Rasa / Dotado de protetores salivares. 
Temperatura: ~+2ºC a +10ºC / Voltagem: 220V",791181,CENT.INTEND.DA MARINHA EM S.PEDRO DA ALDEIA,37,2023,SRP - Registro de Preço,"Registro de preços para aquisição de material permanente de eletrodomésticos, eletroeletrônicos e condicionadores de ar para as Organizações Militares (OM) apoiadas pelo Complexo Aeronaval de São Pedro da Aldeia.",311.0,N/A,ADRIANA PEREIRA CAMELLO,K. K. D. BATISTA LTDA,44.816.310/0001-54,,,,,,
,64,254906,Balcão Térmico Refrigerado (Cota Reservada ME-EPP),,,,,,,,,,,"Balcão Térmico e refrigerado. 
Dimensões Aproximadas (LxPxA): 90 x 94 x 132cm. 
Com corre prato / Material: Aço inox | MDF | Granito | Vidro Temperado. 
Resfriamento: Compressor e Serpentina
Característica adicional: Pista Rasa / Dotado de protetores salivares. 
Temperatura: ~+2ºC a +10ºC / Voltagem: 220V",,,,,,,,,,,,,,,,,
N/A,65,483907,Carrinho Vertical  Duas Rodas,Unidade,13.0,844.64,587.9,30.396381890509574,10980.32,7642.7, VILLAS INOX, VILLAS INOX,Adjudicado e Homologado,"Carrinho Transporte Material: Metal 
Capacidade: 200 KG, Largura: 34 CM
Comprimento: 26 CM
Quantidade Rodas: 2
Material Rodas: Pneu Com Câmara
Tipo: Armazém",791181,CENT.INTEND.DA MARINHA EM S.PEDRO DA ALDEIA,37,2023,SRP - Registro de Preço,"Registro de preços para aquisição de material permanente de eletrodomésticos, eletroeletrônicos e condicionadores de ar para as Organizações Militares (OM) apoiadas pelo Complexo Aeronaval de São Pedro da Aldeia.",587.9,N/A,ADRIANA PEREIRA CAMELLO,META COMERCIO DE FERRAGENS E FERRAMENTAS LTDA,27.518.373/0001-05,,,,,,
N/A,66,480490,Televisor 50”,Unidade,13.0,381.97,363.0,4.966358614550892,4965.610000000001,4719.0, BELINI, 2 BOCAS,Adjudicado e Homologado,"Televisor 
Características Adicionais: Smart Tv, Full Hd
Entradas Hdmi/Usb, Conversor Di 
Tamanho Tela: 50 POL
Tipo Tela: Led / Voltagem: Bivolt V / Acessórios: Controle Remoto",791181,CENT.INTEND.DA MARINHA EM S.PEDRO DA ALDEIA,37,2023,SRP - Registro de Preço,"Registro de preços para aquisição de material permanente de eletrodomésticos, eletroeletrônicos e condicionadores de ar para as Organizações Militares (OM) apoiadas pelo Complexo Aeronaval de São Pedro da Aldeia.",363.0,N/A,ADRIANA PEREIRA CAMELLO,FAEMED COMERCIO EM GERAL LTDA,47.240.895/0001-03,,,,,,
N/A,67,480490,Televisor 50” (Cota Reservada ME-EPP),Unidade,13.0,491.17,335.0,31.79550868334793,6385.21,4355.0, MONDIAL, MONDIAL,Adjudicado e Homologado,"Televisor 
Características Adicionais: Smart Tv, Full Hd
Entradas Hdmi/Usb, Conversor Di 
Tamanho Tela: 50 POL
Tipo Tela: Led / Voltagem: Bivolt V / Acessórios: Controle Remoto",791181,CENT.INTEND.DA MARINHA EM S.PEDRO DA ALDEIA,37,2023,SRP - Registro de Preço,"Registro de preços para aquisição de material permanente de eletrodomésticos, eletroeletrônicos e condicionadores de ar para as Organizações Militares (OM) apoiadas pelo Complexo Aeronaval de São Pedro da Aldeia.",335.0,N/A,ADRIANA PEREIRA CAMELLO,ULTRA MAX COMERCIAL LTDA,39.421.287/0001-69,,,,,,
N/A,68,439607,Televisor 75”,Unidade,33.0,725.29,363.74,49.849025906878616,23934.57,12003.42, INTELBRAS, TS 2510 + 2 Ramais TS 2511,Adjudicado e Homologado,"Televisor
Características Adicionais: 4k, 3d E Smart Tv, Mínimo: 2 Usb, 3 Hdmi, Wi-Fi In
Tamanho Tela: 75 POL
Tipo Tela: Led
Voltagem: 110/220 ",791181,CENT.INTEND.DA MARINHA EM S.PEDRO DA ALDEIA,37,2023,SRP - Registro de Preço,"Registro de preços para aquisição de material permanente de eletrodomésticos, eletroeletrônicos e condicionadores de ar para as Organizações Militares (OM) apoiadas pelo Complexo Aeronaval de São Pedro da Aldeia.",363.74,N/A,ADRIANA PEREIRA CAMELLO,L F COMERCIO DE ELETRONICOS LTDA,52.585.078/0001-19,,,,,,
N/A,69,439607,Televisor 75” (Cota Reservada ME-EPP),Unidade,17.0,504.33,157.2,68.82993278210697,8573.61,2672.3999999999996, Lynus STL-2000 / Lynus, Lynus,Adjudicado e Homologado,"Televisor
Características Adicionais: 4k, 3d E Smart Tv, Mínimo: 2 Usb, 3 Hdmi, Wi-Fi In
Tamanho Tela: 75 POL
Tipo Tela: Led
Voltagem: 110/220 ",791181,CENT.INTEND.DA MARINHA EM S.PEDRO DA ALDEIA,37,2023,SRP - Registro de Preço,"Registro de preços para aquisição de material permanente de eletrodomésticos, eletroeletrônicos e condicionadores de ar para as Organizações Militares (OM) apoiadas pelo Complexo Aeronaval de São Pedro da Aldeia.",157.2,N/A,ADRIANA PEREIRA CAMELLO,SANIGRAN LTDA,15.153.524/0001-90,,,,,,
N/A,70,439607,Televisor 75” (Cota Reservada ME-EPP),Unidade,4.0,20616.67,14950.0,27.485864594039665,82466.68,59800.0, K2, K2 K2,Adjudicado e Homologado,"Televisor
Características Adicionais: 4k, 3d E Smart Tv, Mínimo: 2 Usb, 3 Hdmi, Wi-Fi In
Tamanho Tela: 75 POL
Tipo Tela: Led
Voltagem: 110/221",791181,CENT.INTEND.DA MARINHA EM S.PEDRO DA ALDEIA,37,2023,SRP - Registro de Preço,"Registro de preços para aquisição de material permanente de eletrodomésticos, eletroeletrônicos e condicionadores de ar para as Organizações Militares (OM) apoiadas pelo Complexo Aeronaval de São Pedro da Aldeia.",14950.0,N/A,ADRIANA PEREIRA CAMELLO,SUL AGUA EQUIPAMENTOS LTDA,46.344.050/0001-97,,,,,,
N/A,71,439607,Televisor 75” (Cota Reservada ME-EPP),Unidade,6.0,4846.97,988.0,79.61613131502774,29081.82,5928.0, PROGAS, PR-350E,Adjudicado e Homologado,"Televisor
Características Adicionais: 4k, 3d E Smart Tv, Mínimo: 2 Usb, 3 Hdmi, Wi-Fi In
Tamanho Tela: 75 POL
Tipo Tela: Led
Voltagem: 110/222",791181,CENT.INTEND.DA MARINHA EM S.PEDRO DA ALDEIA,37,2023,SRP - Registro de Preço,"Registro de preços para aquisição de material permanente de eletrodomésticos, eletroeletrônicos e condicionadores de ar para as Organizações Militares (OM) apoiadas pelo Complexo Aeronaval de São Pedro da Aldeia.",988.0,N/A,ADRIANA PEREIRA CAMELLO,NOVA MESA UTILIDADES LTDA,53.385.500/0001-55,,,,,,
N/A,72,439607,Televisor 75” (Cota Reservada ME-EPP),Unidade,11.0,6581.76,2650.0,59.73721314663556,72399.36,29150.0, Begel, JPII,Adjudicado e Homologado,"Televisor
Características Adicionais: 4k, 3d E Smart Tv, Mínimo: 2 Usb, 3 Hdmi, Wi-Fi In
Tamanho Tela: 75 POL
Tipo Tela: Led
Voltagem: 110/223",791181,CENT.INTEND.DA MARINHA EM S.PEDRO DA ALDEIA,37,2023,SRP - Registro de Preço,"Registro de preços para aquisição de material permanente de eletrodomésticos, eletroeletrônicos e condicionadores de ar para as Organizações Militares (OM) apoiadas pelo Complexo Aeronaval de São Pedro da Aldeia.",2650.0,N/A,ADRIANA PEREIRA CAMELLO,ALFA COMERCIO DE MAQUINAS E EQUIPAMENTOS LTDA,49.233.193/0001-10,,,,,,
N/A,73,439607,Televisor 75” (Cota Reservada ME-EPP),Unidade,15.0,4492.67,3149.0,29.90805022403159,67390.05,47235.0, CONSUL, CHB53,Adjudicado e Homologado,"Televisor
Características Adicionais: 4k, 3d E Smart Tv, Mínimo: 2 Usb, 3 Hdmi, Wi-Fi In
Tamanho Tela: 75 POL
Tipo Tela: Led
Voltagem: 110/224",791181,CENT.INTEND.DA MARINHA EM S.PEDRO DA ALDEIA,37,2023,SRP - Registro de Preço,"Registro de preços para aquisição de material permanente de eletrodomésticos, eletroeletrônicos e condicionadores de ar para as Organizações Militares (OM) apoiadas pelo Complexo Aeronaval de São Pedro da Aldeia.",3149.0,N/A,ADRIANA PEREIRA CAMELLO,PRIMER SOLUCOES LTDA,47.725.628/0001-18,,,,,,
,74,439607,Televisor 75” (Cota Reservada ME-EPP),,,,,,,,,,,"Televisor
Características Adicionais: 4k, 3d E Smart Tv, Mínimo: 2 Usb, 3 Hdmi, Wi-Fi In
Tamanho Tela: 75 POL
Tipo Tela: Led
Voltagem: 110/225",,,,,,,,,,,,,,,,,
N/A,75,439607,Televisor 75” (Cota Reservada ME-EPP),Unidade,2.0,3108.33,1969.73,36.630602284828186,6216.66,3939.46, MONARCHA, MI - 1C,Adjudicado e Homologado,"Televisor
Características Adicionais: 4k, 3d E Smart Tv, Mínimo: 2 Usb, 3 Hdmi, Wi-Fi In
Tamanho Tela: 75 POL
Tipo Tela: Led
Voltagem: 110/226",791181,CENT.INTEND.DA MARINHA EM S.PEDRO DA ALDEIA,37,2023,SRP - Registro de Preço,"Registro de preços para aquisição de material permanente de eletrodomésticos, eletroeletrônicos e condicionadores de ar para as Organizações Militares (OM) apoiadas pelo Complexo Aeronaval de São Pedro da Aldeia.",1969.73,N/A,ADRIANA PEREIRA CAMELLO,VALTER OLIVEIRA DA SILVA COMERCIO DE MAQUINAS,04.192.066/0002-62,,,,,,
N/A,76,439607,Televisor 75” (Cota Reservada ME-EPP),Unidade,4.0,5338.77,2894.0,45.79275750781547,21355.08,11576.0, COPA METAL, MPA 30,Adjudicado e Homologado,"Televisor
Características Adicionais: 4k, 3d E Smart Tv, Mínimo: 2 Usb, 3 Hdmi, Wi-Fi In
Tamanho Tela: 75 POL
Tipo Tela: Led
Voltagem: 110/227",791181,CENT.INTEND.DA MARINHA EM S.PEDRO DA ALDEIA,37,2023,SRP - Registro de Preço,"Registro de preços para aquisição de material permanente de eletrodomésticos, eletroeletrônicos e condicionadores de ar para as Organizações Militares (OM) apoiadas pelo Complexo Aeronaval de São Pedro da Aldeia.",2894.0,N/A,ADRIANA PEREIRA CAMELLO,CB ELETRO E INFORMATICA LTDA,49.673.898/0001-58,,,,,,
N/A,77,439607,Televisor 75” (Cota Reservada ME-EPP),Unidade,4.0,613.61,384.0,37.41953357996122,2454.44,1536.0, metvisa/img, LAR4220CC5,Adjudicado e Homologado,"Televisor
Características Adicionais: 4k, 3d E Smart Tv, Mínimo: 2 Usb, 3 Hdmi, Wi-Fi In
Tamanho Tela: 75 POL
Tipo Tela: Led
Voltagem: 110/228",791181,CENT.INTEND.DA MARINHA EM S.PEDRO DA ALDEIA,37,2023,SRP - Registro de Preço,"Registro de preços para aquisição de material permanente de eletrodomésticos, eletroeletrônicos e condicionadores de ar para as Organizações Militares (OM) apoiadas pelo Complexo Aeronaval de São Pedro da Aldeia.",384.0,N/A,ADRIANA PEREIRA CAMELLO,ANA PAULA SARTI PAULUS LTDA,48.844.664/0001-63,,,,,,
N/A,78,439607,Televisor 75” (Cota Reservada ME-EPP),Unidade,3.0,6787.92,3942.0,41.926245447795495,20363.760000000002,11826.0, metvisa/img, CFH300220M60N5,Adjudicado e Homologado,"Televisor
Características Adicionais: 4k, 3d E Smart Tv, Mínimo: 2 Usb, 3 Hdmi, Wi-Fi In
Tamanho Tela: 75 POL
Tipo Tela: Led
Voltagem: 110/229",791181,CENT.INTEND.DA MARINHA EM S.PEDRO DA ALDEIA,37,2023,SRP - Registro de Preço,"Registro de preços para aquisição de material permanente de eletrodomésticos, eletroeletrônicos e condicionadores de ar para as Organizações Militares (OM) apoiadas pelo Complexo Aeronaval de São Pedro da Aldeia.",3942.0,N/A,ADRIANA PEREIRA CAMELLO,ANA PAULA SARTI PAULUS LTDA,48.844.664/0001-63,,,,,,
N/A,79,439607,Televisor 75” (Cota Reservada ME-EPP),Unidade,5.0,17299.97,14422.51,16.632745605917243,86499.85,72112.55, METVISA, B-30 - 220V,Adjudicado e Homologado,"Televisor
Características Adicionais: 4k, 3d E Smart Tv, Mínimo: 2 Usb, 3 Hdmi, Wi-Fi In
Tamanho Tela: 75 POL
Tipo Tela: Led
Voltagem: 110/230",791181,CENT.INTEND.DA MARINHA EM S.PEDRO DA ALDEIA,37,2023,SRP - Registro de Preço,"Registro de preços para aquisição de material permanente de eletrodomésticos, eletroeletrônicos e condicionadores de ar para as Organizações Militares (OM) apoiadas pelo Complexo Aeronaval de São Pedro da Aldeia.",14422.51,N/A,ADRIANA PEREIRA CAMELLO,BT COMERCIO INTELIGENTE LTDA,45.329.312/0001-81,,,,,,
N/A,80,439607,Televisor 75” (Cota Reservada ME-EPP),Unidade,3.0,56924.35,42500.0,25.339507609660895,170773.05,127500.0, PROPRIA, PROPRIA,Adjudicado e Homologado,"Televisor
Características Adicionais: 4k, 3d E Smart Tv, Mínimo: 2 Usb, 3 Hdmi, Wi-Fi In
Tamanho Tela: 75 POL
Tipo Tela: Led
Voltagem: 110/231",791181,CENT.INTEND.DA MARINHA EM S.PEDRO DA ALDEIA,37,2023,SRP - Registro de Preço,"Registro de preços para aquisição de material permanente de eletrodomésticos, eletroeletrônicos e condicionadores de ar para as Organizações Militares (OM) apoiadas pelo Complexo Aeronaval de São Pedro da Aldeia.",42500.0,N/A,ADRIANA PEREIRA CAMELLO,G PANIZ INDUSTRIA DE EQUIPAMENTOS PARA ALIMENTACAO LTDA,90.771.833/0001-49,,,,,,
N/A,81,439607,Televisor 75” (Cota Reservada ME-EPP),Unidade,10.0,1437.2,1231.0,14.347342053993884,14372.0,12310.0, PROFIELD, NAKASAKI,Adjudicado e Homologado,"Televisor
Características Adicionais: 4k, 3d E Smart Tv, Mínimo: 2 Usb, 3 Hdmi, Wi-Fi In
Tamanho Tela: 75 POL
Tipo Tela: Led
Voltagem: 110/232",791181,CENT.INTEND.DA MARINHA EM S.PEDRO DA ALDEIA,37,2023,SRP - Registro de Preço,"Registro de preços para aquisição de material permanente de eletrodomésticos, eletroeletrônicos e condicionadores de ar para as Organizações Militares (OM) apoiadas pelo Complexo Aeronaval de São Pedro da Aldeia.",1231.0,N/A,ADRIANA PEREIRA CAMELLO,AMARAL SOUZA BAZAR LTDA,33.137.750/0001-69,,,,,,
N/A,82,439607,Televisor 75” (Cota Reservada ME-EPP),Unidade,7.0,9214.73,4851.0,47.356026709409825,64503.11,33957.0, K2, K2 K2,Adjudicado e Homologado,"Televisor
Características Adicionais: 4k, 3d E Smart Tv, Mínimo: 2 Usb, 3 Hdmi, Wi-Fi In
Tamanho Tela: 75 POL
Tipo Tela: Led
Voltagem: 110/233",791181,CENT.INTEND.DA MARINHA EM S.PEDRO DA ALDEIA,37,2023,SRP - Registro de Preço,"Registro de preços para aquisição de material permanente de eletrodomésticos, eletroeletrônicos e condicionadores de ar para as Organizações Militares (OM) apoiadas pelo Complexo Aeronaval de São Pedro da Aldeia.",4851.0,N/A,ADRIANA PEREIRA CAMELLO,SUL AGUA EQUIPAMENTOS LTDA,46.344.050/0001-97,,,,,,
N/A,83,439607,Televisor 75” (Cota Reservada ME-EPP),Unidade,4.0,4666.0,2642.0,43.377625375053576,18664.0,10568.0, metvisa/img, DB10220M60N5,Adjudicado e Homologado,"Televisor
Características Adicionais: 4k, 3d E Smart Tv, Mínimo: 2 Usb, 3 Hdmi, Wi-Fi In
Tamanho Tela: 75 POL
Tipo Tela: Led
Voltagem: 110/234",791181,CENT.INTEND.DA MARINHA EM S.PEDRO DA ALDEIA,37,2023,SRP - Registro de Preço,"Registro de preços para aquisição de material permanente de eletrodomésticos, eletroeletrônicos e condicionadores de ar para as Organizações Militares (OM) apoiadas pelo Complexo Aeronaval de São Pedro da Aldeia.",2642.0,N/A,ADRIANA PEREIRA CAMELLO,ANA PAULA SARTI PAULUS LTDA,48.844.664/0001-63,,,,,,
N/A,84,439607,Televisor 75” (Cota Reservada ME-EPP),Unidade,3.0,4721.62,N/A,,,,,,Fracassado e Homologado,"Televisor
Características Adicionais: 4k, 3d E Smart Tv, Mínimo: 2 Usb, 3 Hdmi, Wi-Fi In
Tamanho Tela: 75 POL
Tipo Tela: Led
Voltagem: 110/235",791181,CENT.INTEND.DA MARINHA EM S.PEDRO DA ALDEIA,37,2023,SRP - Registro de Preço,"Registro de preços para aquisição de material permanente de eletrodomésticos, eletroeletrônicos e condicionadores de ar para as Organizações Militares (OM) apoiadas pelo Complexo Aeronaval de São Pedro da Aldeia.",N/A,N/A,,,,,,,,,
N/A,85,439607,Televisor 75” (Cota Reservada ME-EPP),Unidade,1.0,96848.37,78000.0,19.46173177721008,96848.37,78000.0, Robot Coupe, CL 60 WORKSTATION - ROBOT,Adjudicado e Homologado,"Televisor
Características Adicionais: 4k, 3d E Smart Tv, Mínimo: 2 Usb, 3 Hdmi, Wi-Fi In
Tamanho Tela: 75 POL
Tipo Tela: Led
Voltagem: 110/236",791181,CENT.INTEND.DA MARINHA EM S.PEDRO DA ALDEIA,37,2023,SRP - Registro de Preço,"Registro de preços para aquisição de material permanente de eletrodomésticos, eletroeletrônicos e condicionadores de ar para as Organizações Militares (OM) apoiadas pelo Complexo Aeronaval de São Pedro da Aldeia.",78000.0,N/A,ADRIANA PEREIRA CAMELLO,ENGEFOOD - EQUIPAMENTOS E REPRESENTACOES LTDA.,66.535.477/0001-80,,,,,,
N/A,86,439607,Televisor 75” (Cota Reservada ME-EPP),Unidade,2.0,140684.93,71014.49,49.522319128281886,281369.86,142028.98, WICTORY, WCPR-40G,Adjudicado e Homologado,"Televisor
Características Adicionais: 4k, 3d E Smart Tv, Mínimo: 2 Usb, 3 Hdmi, Wi-Fi In
Tamanho Tela: 75 POL
Tipo Tela: Led
Voltagem: 110/237",791181,CENT.INTEND.DA MARINHA EM S.PEDRO DA ALDEIA,37,2023,SRP - Registro de Preço,"Registro de preços para aquisição de material permanente de eletrodomésticos, eletroeletrônicos e condicionadores de ar para as Organizações Militares (OM) apoiadas pelo Complexo Aeronaval de São Pedro da Aldeia.",71014.49,N/A,ADRIANA PEREIRA CAMELLO,"DAVANTI MAQUINAS, MOVEIS E EQUIPAMENTOS INDUSTRIAIS LTDA",44.259.236/0001-12,,,,,,
N/A,87,439607,Televisor 75” (Cota Reservada ME-EPP),Unidade,2.0,136679.68,66956.52,51.01208899523323,273359.36,133913.04, WICTORY, WCPR-40E,Adjudicado e Homologado,"Televisor
Características Adicionais: 4k, 3d E Smart Tv, Mínimo: 2 Usb, 3 Hdmi, Wi-Fi In
Tamanho Tela: 75 POL
Tipo Tela: Led
Voltagem: 110/238",791181,CENT.INTEND.DA MARINHA EM S.PEDRO DA ALDEIA,37,2023,SRP - Registro de Preço,"Registro de preços para aquisição de material permanente de eletrodomésticos, eletroeletrônicos e condicionadores de ar para as Organizações Militares (OM) apoiadas pelo Complexo Aeronaval de São Pedro da Aldeia.",66956.52,N/A,ADRIANA PEREIRA CAMELLO,"DAVANTI MAQUINAS, MOVEIS E EQUIPAMENTOS INDUSTRIAIS LTDA",44.259.236/0001-12,,,,,,
N/A,88,439607,Televisor 75” (Cota Reservada ME-EPP),Unidade,3.0,13253.58,7995.94,39.66958361438947,39760.74,23987.82, Progas, Progas Progas,Adjudicado e Homologado,"Televisor
Características Adicionais: 4k, 3d E Smart Tv, Mínimo: 2 Usb, 3 Hdmi, Wi-Fi In
Tamanho Tela: 75 POL
Tipo Tela: Led
Voltagem: 110/239",791181,CENT.INTEND.DA MARINHA EM S.PEDRO DA ALDEIA,37,2023,SRP - Registro de Preço,"Registro de preços para aquisição de material permanente de eletrodomésticos, eletroeletrônicos e condicionadores de ar para as Organizações Militares (OM) apoiadas pelo Complexo Aeronaval de São Pedro da Aldeia.",7995.94,N/A,ADRIANA PEREIRA CAMELLO,SUL AGUA EQUIPAMENTOS LTDA,46.344.050/0001-97,,,,,,
N/A,89,439607,Televisor 75” (Cota Reservada ME-EPP),Unidade,1.0,59716.67,59480.0,0.39632149615843604,59716.67,59480.0, LOTTIS, CBC 250,Adjudicado e Homologado,"Televisor
Características Adicionais: 4k, 3d E Smart Tv, Mínimo: 2 Usb, 3 Hdmi, Wi-Fi In
Tamanho Tela: 75 POL
Tipo Tela: Led
Voltagem: 110/240",791181,CENT.INTEND.DA MARINHA EM S.PEDRO DA ALDEIA,37,2023,SRP - Registro de Preço,"Registro de preços para aquisição de material permanente de eletrodomésticos, eletroeletrônicos e condicionadores de ar para as Organizações Militares (OM) apoiadas pelo Complexo Aeronaval de São Pedro da Aldeia.",59480.0,N/A,ADRIANA PEREIRA CAMELLO,RG COMERCIO DE EQUIPAMENTOS LTDA,43.875.492/0001-71,,,,,,
N/A,90,439607,Televisor 75” (Cota Reservada ME-EPP),Unidade,1.0,63366.0,N/A,,,,,,Fracassado e Homologado,"Televisor
Características Adicionais: 4k, 3d E Smart Tv, Mínimo: 2 Usb, 3 Hdmi, Wi-Fi In
Tamanho Tela: 75 POL
Tipo Tela: Led
Voltagem: 110/241",791181,CENT.INTEND.DA MARINHA EM S.PEDRO DA ALDEIA,37,2023,SRP - Registro de Preço,"Registro de preços para aquisição de material permanente de eletrodomésticos, eletroeletrônicos e condicionadores de ar para as Organizações Militares (OM) apoiadas pelo Complexo Aeronaval de São Pedro da Aldeia.",N/A,N/A,,,,,,,,,
N/A,91,439607,Televisor 75” (Cota Reservada ME-EPP),Unidade,2.0,4428.44,1454.0,67.16676752987507,8856.88,2908.0, JL COLOMBO, 25L/BR,Adjudicado e Homologado,"Televisor
Características Adicionais: 4k, 3d E Smart Tv, Mínimo: 2 Usb, 3 Hdmi, Wi-Fi In
Tamanho Tela: 75 POL
Tipo Tela: Led
Voltagem: 110/242",791181,CENT.INTEND.DA MARINHA EM S.PEDRO DA ALDEIA,37,2023,SRP - Registro de Preço,"Registro de preços para aquisição de material permanente de eletrodomésticos, eletroeletrônicos e condicionadores de ar para as Organizações Militares (OM) apoiadas pelo Complexo Aeronaval de São Pedro da Aldeia.",1454.0,N/A,ADRIANA PEREIRA CAMELLO,CB ELETRO E INFORMATICA LTDA,49.673.898/0001-58,,,,,,
N/A,92,439607,Televisor 75” (Cota Reservada ME-EPP),Unidade,1.0,8692.25,7958.0,8.447179959159023,8692.25,7958.0, ROBOT COUPE, MIXER MP 800 TURBO LED,Adjudicado e Homologado,"Televisor
Características Adicionais: 4k, 3d E Smart Tv, Mínimo: 2 Usb, 3 Hdmi, Wi-Fi In
Tamanho Tela: 75 POL
Tipo Tela: Led
Voltagem: 110/243",791181,CENT.INTEND.DA MARINHA EM S.PEDRO DA ALDEIA,37,2023,SRP - Registro de Preço,"Registro de preços para aquisição de material permanente de eletrodomésticos, eletroeletrônicos e condicionadores de ar para as Organizações Militares (OM) apoiadas pelo Complexo Aeronaval de São Pedro da Aldeia.",7958.0,N/A,ADRIANA PEREIRA CAMELLO,FM COZINHAS PROFISSIONAIS E CONSULTORIA LTDA,45.001.503/0001-10,,,,,,
N/A,93,439607,Televisor 75” (Cota Reservada ME-EPP),Unidade,2.0,5701.32,5483.26,3.824728308532055,11402.64,10966.52, ROBOT COUPE, MP 450,Adjudicado e Homologado,"Televisor
Características Adicionais: 4k, 3d E Smart Tv, Mínimo: 2 Usb, 3 Hdmi, Wi-Fi In
Tamanho Tela: 75 POL
Tipo Tela: Led
Voltagem: 110/244",791181,CENT.INTEND.DA MARINHA EM S.PEDRO DA ALDEIA,37,2023,SRP - Registro de Preço,"Registro de preços para aquisição de material permanente de eletrodomésticos, eletroeletrônicos e condicionadores de ar para as Organizações Militares (OM) apoiadas pelo Complexo Aeronaval de São Pedro da Aldeia.",5483.26,N/A,ADRIANA PEREIRA CAMELLO,FM COZINHAS PROFISSIONAIS E CONSULTORIA LTDA,45.001.503/0001-10,,,,,,
N/A,94,439607,Televisor 75” (Cota Reservada ME-EPP),Unidade,2.0,8305.54,4300.0,48.22732778362395,16611.08,8600.0, VENANCIO / METALURGICA VENANCIO, MAP8 (40x40) - 25957,Adjudicado e Homologado,"Televisor
Características Adicionais: 4k, 3d E Smart Tv, Mínimo: 2 Usb, 3 Hdmi, Wi-Fi In
Tamanho Tela: 75 POL
Tipo Tela: Led
Voltagem: 110/245",791181,CENT.INTEND.DA MARINHA EM S.PEDRO DA ALDEIA,37,2023,SRP - Registro de Preço,"Registro de preços para aquisição de material permanente de eletrodomésticos, eletroeletrônicos e condicionadores de ar para as Organizações Militares (OM) apoiadas pelo Complexo Aeronaval de São Pedro da Aldeia.",4300.0,N/A,ADRIANA PEREIRA CAMELLO,ZENIZ PLANEJAMENTOS COMERCIAIS LTDA,47.498.372/0001-53,,,,,,
N/A,95,439607,Televisor 75” (Cota Reservada ME-EPP),Unidade,3.0,32159.7,13500.0,58.0219964738477,96479.1,40500.0, ERINOX, CGV500AM-ERX,Adjudicado e Homologado,"Televisor
Características Adicionais: 4k, 3d E Smart Tv, Mínimo: 2 Usb, 3 Hdmi, Wi-Fi In
Tamanho Tela: 75 POL
Tipo Tela: Led
Voltagem: 110/246",791181,CENT.INTEND.DA MARINHA EM S.PEDRO DA ALDEIA,37,2023,SRP - Registro de Preço,"Registro de preços para aquisição de material permanente de eletrodomésticos, eletroeletrônicos e condicionadores de ar para as Organizações Militares (OM) apoiadas pelo Complexo Aeronaval de São Pedro da Aldeia.",13500.0,N/A,ADRIANA PEREIRA CAMELLO,ROMAG EQUIPAMENTOS PARA COZINHAS LTDA,48.094.034/0001-19,,,,,,
N/A,96,439607,Televisor 75” (Cota Reservada ME-EPP),Unidade,2.0,11287.24,7571.6,32.91894209744809,22574.48,15143.2, VENANCIO, VENANCIO VENANCIO,Adjudicado e Homologado,"Televisor
Características Adicionais: 4k, 3d E Smart Tv, Mínimo: 2 Usb, 3 Hdmi, Wi-Fi In
Tamanho Tela: 75 POL
Tipo Tela: Led
Voltagem: 110/247",791181,CENT.INTEND.DA MARINHA EM S.PEDRO DA ALDEIA,37,2023,SRP - Registro de Preço,"Registro de preços para aquisição de material permanente de eletrodomésticos, eletroeletrônicos e condicionadores de ar para as Organizações Militares (OM) apoiadas pelo Complexo Aeronaval de São Pedro da Aldeia.",7571.6,N/A,ADRIANA PEREIRA CAMELLO,SUL AGUA EQUIPAMENTOS LTDA,46.344.050/0001-97,,,,,,
N/A,97,439607,Televisor 75” (Cota Reservada ME-EPP),Unidade,4.0,7363.0,7300.0,0.8556294988455782,29452.0,29200.0, Venancio, Venancio,Adjudicado e Homologado,"Televisor
Características Adicionais: 4k, 3d E Smart Tv, Mínimo: 2 Usb, 3 Hdmi, Wi-Fi In
Tamanho Tela: 75 POL
Tipo Tela: Led
Voltagem: 110/248",791181,CENT.INTEND.DA MARINHA EM S.PEDRO DA ALDEIA,37,2023,SRP - Registro de Preço,"Registro de preços para aquisição de material permanente de eletrodomésticos, eletroeletrônicos e condicionadores de ar para as Organizações Militares (OM) apoiadas pelo Complexo Aeronaval de São Pedro da Aldeia.",7300.0,N/A,ADRIANA PEREIRA CAMELLO,ALFA COMERCIO DE MAQUINAS E EQUIPAMENTOS LTDA,49.233.193/0001-10,,,,,,
N/A,98,439607,Televisor 75” (Cota Reservada ME-EPP),Unidade,1.0,4200.0,3200.0,23.809523809523814,4200.0,3200.0, CONSUL, CHB53,Adjudicado e Homologado,"Televisor
Características Adicionais: 4k, 3d E Smart Tv, Mínimo: 2 Usb, 3 Hdmi, Wi-Fi In
Tamanho Tela: 75 POL
Tipo Tela: Led
Voltagem: 110/249",791181,CENT.INTEND.DA MARINHA EM S.PEDRO DA ALDEIA,37,2023,SRP - Registro de Preço,"Registro de preços para aquisição de material permanente de eletrodomésticos, eletroeletrônicos e condicionadores de ar para as Organizações Militares (OM) apoiadas pelo Complexo Aeronaval de São Pedro da Aldeia.",3200.0,N/A,ADRIANA PEREIRA CAMELLO,PRIMER SOLUCOES LTDA,47.725.628/0001-18,,,,,,
N/A,99,439607,Televisor 75” (Cota Reservada ME-EPP),Unidade,2.0,24822.52,21040.72,15.235358859616188,49645.04,42081.44, MULTIFRITAS, SL - 1.5,Adjudicado e Homologado,"Televisor
Características Adicionais: 4k, 3d E Smart Tv, Mínimo: 2 Usb, 3 Hdmi, Wi-Fi In
Tamanho Tela: 75 POL
Tipo Tela: Led
Voltagem: 110/250",791181,CENT.INTEND.DA MARINHA EM S.PEDRO DA ALDEIA,37,2023,SRP - Registro de Preço,"Registro de preços para aquisição de material permanente de eletrodomésticos, eletroeletrônicos e condicionadores de ar para as Organizações Militares (OM) apoiadas pelo Complexo Aeronaval de São Pedro da Aldeia.",21040.72,N/A,ADRIANA PEREIRA CAMELLO,BT COMERCIO INTELIGENTE LTDA,45.329.312/0001-81,,,,,,
N/A,100,439607,Televisor 75” (Cota Reservada ME-EPP),Unidade,2.0,1994.71,694.0,65.20797509412397,3989.42,1388.0, metvisa/img, LQL10220M60N5,Adjudicado e Homologado,"Televisor
Características Adicionais: 4k, 3d E Smart Tv, Mínimo: 2 Usb, 3 Hdmi, Wi-Fi In
Tamanho Tela: 75 POL
Tipo Tela: Led
Voltagem: 110/251",791181,CENT.INTEND.DA MARINHA EM S.PEDRO DA ALDEIA,37,2023,SRP - Registro de Preço,"Registro de preços para aquisição de material permanente de eletrodomésticos, eletroeletrônicos e condicionadores de ar para as Organizações Militares (OM) apoiadas pelo Complexo Aeronaval de São Pedro da Aldeia.",694.0,N/A,ADRIANA PEREIRA CAMELLO,ANA PAULA SARTI PAULUS LTDA,48.844.664/0001-63,,,,,,
N/A,101,439607,Televisor 75” (Cota Reservada ME-EPP),Unidade,2.0,21850.84,11800.0,45.99749940963368,43701.68,23600.0, ERINOX, CAF200E-ERX,Adjudicado e Homologado,"Televisor
Características Adicionais: 4k, 3d E Smart Tv, Mínimo: 2 Usb, 3 Hdmi, Wi-Fi In
Tamanho Tela: 75 POL
Tipo Tela: Led
Voltagem: 110/252",791181,CENT.INTEND.DA MARINHA EM S.PEDRO DA ALDEIA,37,2023,SRP - Registro de Preço,"Registro de preços para aquisição de material permanente de eletrodomésticos, eletroeletrônicos e condicionadores de ar para as Organizações Militares (OM) apoiadas pelo Complexo Aeronaval de São Pedro da Aldeia.",11800.0,N/A,ADRIANA PEREIRA CAMELLO,ROMAG EQUIPAMENTOS PARA COZINHAS LTDA,48.094.034/0001-19,,,,,,
,102,439607,Televisor 75” (Cota Reservada ME-EPP),,,,,,,,,,,"Televisor
Características Adicionais: 4k, 3d E Smart Tv, Mínimo: 2 Usb, 3 Hdmi, Wi-Fi In
Tamanho Tela: 75 POL
Tipo Tela: Led
Voltagem: 110/253",,,,,,,,,,,,,,,,,
,103,439607,Televisor 75” (Cota Reservada ME-EPP),,,,,,,,,,,"Televisor
Características Adicionais: 4k, 3d E Smart Tv, Mínimo: 2 Usb, 3 Hdmi, Wi-Fi In
Tamanho Tela: 75 POL
Tipo Tela: Led
Voltagem: 110/254",,,,,,,,,,,,,,,,,
,104,439607,Televisor 75” (Cota Reservada ME-EPP),,,,,,,,,,,"Televisor
Características Adicionais: 4k, 3d E Smart Tv, Mínimo: 2 Usb, 3 Hdmi, Wi-Fi In
Tamanho Tela: 75 POL
Tipo Tela: Led
Voltagem: 110/255",,,,,,,,,,,,,,,,,
N/A,105,439607,Televisor 75” (Cota Reservada ME-EPP),Unidade,21.0,3533.0,2298.0,34.956127936597795,74193.0,48258.0, TCL, TAC09CSA2 INV,Adjudicado e Homologado,"Televisor
Características Adicionais: 4k, 3d E Smart Tv, Mínimo: 2 Usb, 3 Hdmi, Wi-Fi In
Tamanho Tela: 75 POL
Tipo Tela: Led
Voltagem: 110/256",791181,CENT.INTEND.DA MARINHA EM S.PEDRO DA ALDEIA,37,2023,SRP - Registro de Preço,"Registro de preços para aquisição de material permanente de eletrodomésticos, eletroeletrônicos e condicionadores de ar para as Organizações Militares (OM) apoiadas pelo Complexo Aeronaval de São Pedro da Aldeia.",2349.0,2298.0,ADRIANA PEREIRA CAMELLO,MA COMERCIO DE REFRIGERACAO LTDA,37.673.034/0001-57,,,,,,
N/A,106,439607,Televisor 75” (Cota Reservada ME-EPP),Unidade,20.0,3864.57,2445.0,36.73293535891445,77291.40000000001,48900.0, TCL, TAC12CSA2 INV,Adjudicado e Homologado,"Televisor
Características Adicionais: 4k, 3d E Smart Tv, Mínimo: 2 Usb, 3 Hdmi, Wi-Fi In
Tamanho Tela: 75 POL
Tipo Tela: Led
Voltagem: 110/257",791181,CENT.INTEND.DA MARINHA EM S.PEDRO DA ALDEIA,37,2023,SRP - Registro de Preço,"Registro de preços para aquisição de material permanente de eletrodomésticos, eletroeletrônicos e condicionadores de ar para as Organizações Militares (OM) apoiadas pelo Complexo Aeronaval de São Pedro da Aldeia.",2445.0,N/A,ADRIANA PEREIRA CAMELLO,MA COMERCIO DE REFRIGERACAO LTDA,37.673.034/0001-57,,,,,,
N/A,107,439607,Televisor 75” (Cota Reservada ME-EPP),Unidade,14.0,5203.33,3368.0,35.27221990532986,72846.62,47152.0, TCL, TAC18CSA2 INV,Adjudicado e Homologado,"Televisor
Características Adicionais: 4k, 3d E Smart Tv, Mínimo: 2 Usb, 3 Hdmi, Wi-Fi In
Tamanho Tela: 75 POL
Tipo Tela: Led
Voltagem: 110/258",791181,CENT.INTEND.DA MARINHA EM S.PEDRO DA ALDEIA,37,2023,SRP - Registro de Preço,"Registro de preços para aquisição de material permanente de eletrodomésticos, eletroeletrônicos e condicionadores de ar para as Organizações Militares (OM) apoiadas pelo Complexo Aeronaval de São Pedro da Aldeia.",3368.0,N/A,ADRIANA PEREIRA CAMELLO,MA COMERCIO DE REFRIGERACAO LTDA,37.673.034/0001-57,,,,,,
N/A,108,439607,Televisor 75” (Cota Reservada ME-EPP),Unidade,13.0,5724.78,4372.0,23.630253040291503,74422.14,56836.0, TCL, TAC24CSA2 INV,Adjudicado e Homologado,"Televisor
Características Adicionais: 4k, 3d E Smart Tv, Mínimo: 2 Usb, 3 Hdmi, Wi-Fi In
Tamanho Tela: 75 POL
Tipo Tela: Led
Voltagem: 110/259",791181,CENT.INTEND.DA MARINHA EM S.PEDRO DA ALDEIA,37,2023,SRP - Registro de Preço,"Registro de preços para aquisição de material permanente de eletrodomésticos, eletroeletrônicos e condicionadores de ar para as Organizações Militares (OM) apoiadas pelo Complexo Aeronaval de São Pedro da Aldeia.",4372.0,N/A,ADRIANA PEREIRA CAMELLO,MA COMERCIO DE REFRIGERACAO LTDA,37.673.034/0001-57,,,,,,
N/A,109,439607,Televisor 75” (Cota Reservada ME-EPP),Unidade,10.0,7136.0,5390.0,24.467488789237667,71360.0,53900.0, TCL, TAC32CHSA2 INV,Adjudicado e Homologado,"Televisor
Características Adicionais: 4k, 3d E Smart Tv, Mínimo: 2 Usb, 3 Hdmi, Wi-Fi In
Tamanho Tela: 75 POL
Tipo Tela: Led
Voltagem: 110/260",791181,CENT.INTEND.DA MARINHA EM S.PEDRO DA ALDEIA,37,2023,SRP - Registro de Preço,"Registro de preços para aquisição de material permanente de eletrodomésticos, eletroeletrônicos e condicionadores de ar para as Organizações Militares (OM) apoiadas pelo Complexo Aeronaval de São Pedro da Aldeia.",5390.0,N/A,ADRIANA PEREIRA CAMELLO,MA COMERCIO DE REFRIGERACAO LTDA,37.673.034/0001-57,,,,,,
N/A,110,439607,Televisor 75” (Cota Reservada ME-EPP),Unidade,5.0,13246.75,11590.0,12.506841300696392,66233.75,57950.0, PHILCO, PAC60000IPFM5,Adjudicado e Homologado,"Televisor
Características Adicionais: 4k, 3d E Smart Tv, Mínimo: 2 Usb, 3 Hdmi, Wi-Fi In
Tamanho Tela: 75 POL
Tipo Tela: Led
Voltagem: 110/261",791181,CENT.INTEND.DA MARINHA EM S.PEDRO DA ALDEIA,37,2023,SRP - Registro de Preço,"Registro de preços para aquisição de material permanente de eletrodomésticos, eletroeletrônicos e condicionadores de ar para as Organizações Militares (OM) apoiadas pelo Complexo Aeronaval de São Pedro da Aldeia.",11590.0,N/A,ADRIANA PEREIRA CAMELLO,MA COMERCIO DE REFRIGERACAO LTDA,37.673.034/0001-57,,,,,,
N/A,111,439607,Televisor 75” (Cota Reservada ME-EPP),Unidade,5.0,14950.91,14700.0,1.678225606334327,74754.55,73500.0, elgin, elgin,Adjudicado e Homologado,"Televisor
Características Adicionais: 4k, 3d E Smart Tv, Mínimo: 2 Usb, 3 Hdmi, Wi-Fi In
Tamanho Tela: 75 POL
Tipo Tela: Led
Voltagem: 110/262",791181,CENT.INTEND.DA MARINHA EM S.PEDRO DA ALDEIA,37,2023,SRP - Registro de Preço,"Registro de preços para aquisição de material permanente de eletrodomésticos, eletroeletrônicos e condicionadores de ar para as Organizações Militares (OM) apoiadas pelo Complexo Aeronaval de São Pedro da Aldeia.",14700.0,N/A,ADRIANA PEREIRA CAMELLO,46.480.212 MARIANNA AZEVEDO GOMES,46.480.212/0001-14,,,,,,
N/A,112,439607,Televisor 75” (Cota Reservada ME-EPP),Unidade,11.0,2626.66,2000.0,23.857674765671987,28893.26,22000.0, CONSUL, 7500 BTUS Janela,Adjudicado e Homologado,"Televisor
Características Adicionais: 4k, 3d E Smart Tv, Mínimo: 2 Usb, 3 Hdmi, Wi-Fi In
Tamanho Tela: 75 POL
Tipo Tela: Led
Voltagem: 110/263",791181,CENT.INTEND.DA MARINHA EM S.PEDRO DA ALDEIA,37,2023,SRP - Registro de Preço,"Registro de preços para aquisição de material permanente de eletrodomésticos, eletroeletrônicos e condicionadores de ar para as Organizações Militares (OM) apoiadas pelo Complexo Aeronaval de São Pedro da Aldeia.",2000.0,N/A,ADRIANA PEREIRA CAMELLO,51.960.596 RUAN PABLO FERNANDES MARQUES,51.960.596/0001-02,,,,,,
N/A,113,439607,Televisor 75” (Cota Reservada ME-EPP),Unidade,16.0,3003.5,2583.0,14.00033294489762,48056.0,41328.0, MIDEA, 12.000 BTU JANELA,Adjudicado e Homologado,"Televisor
Características Adicionais: 4k, 3d E Smart Tv, Mínimo: 2 Usb, 3 Hdmi, Wi-Fi In
Tamanho Tela: 75 POL
Tipo Tela: Led
Voltagem: 110/264",791181,CENT.INTEND.DA MARINHA EM S.PEDRO DA ALDEIA,37,2023,SRP - Registro de Preço,"Registro de preços para aquisição de material permanente de eletrodomésticos, eletroeletrônicos e condicionadores de ar para as Organizações Militares (OM) apoiadas pelo Complexo Aeronaval de São Pedro da Aldeia.",2583.0,N/A,ADRIANA PEREIRA CAMELLO,IMPERIO COMERCIO LTDA,50.899.054/0001-09,,,,,,
N/A,114,439607,Televisor 75” (Cota Reservada ME-EPP),Unidade,8.0,4366.6,3635.0,16.75445426647736,34932.8,29080.0, MIDEA, 18.000 BTU JANELA,Adjudicado e Homologado,"Televisor
Características Adicionais: 4k, 3d E Smart Tv, Mínimo: 2 Usb, 3 Hdmi, Wi-Fi In
Tamanho Tela: 75 POL
Tipo Tela: Led
Voltagem: 110/265",791181,CENT.INTEND.DA MARINHA EM S.PEDRO DA ALDEIA,37,2023,SRP - Registro de Preço,"Registro de preços para aquisição de material permanente de eletrodomésticos, eletroeletrônicos e condicionadores de ar para as Organizações Militares (OM) apoiadas pelo Complexo Aeronaval de São Pedro da Aldeia.",3635.0,N/A,ADRIANA PEREIRA CAMELLO,IMPERIO COMERCIO LTDA,50.899.054/0001-09,,,,,,
N/A,115,439607,Televisor 75” (Cota Reservada ME-EPP),Unidade,8.0,6198.33,5575.0,10.056418422381508,49586.64,44600.0, MIDEA, 27.000 BTU JANELA,Adjudicado e Homologado,"Televisor
Características Adicionais: 4k, 3d E Smart Tv, Mínimo: 2 Usb, 3 Hdmi, Wi-Fi In
Tamanho Tela: 75 POL
Tipo Tela: Led
Voltagem: 110/266",791181,CENT.INTEND.DA MARINHA EM S.PEDRO DA ALDEIA,37,2023,SRP - Registro de Preço,"Registro de preços para aquisição de material permanente de eletrodomésticos, eletroeletrônicos e condicionadores de ar para as Organizações Militares (OM) apoiadas pelo Complexo Aeronaval de São Pedro da Aldeia.",5575.0,N/A,ADRIANA PEREIRA CAMELLO,IMPERIO COMERCIO LTDA,50.899.054/0001-09,,,,,,
N/A,116,439607,Televisor 75” (Cota Reservada ME-EPP),Unidade,6.0,3490.75,2400.0,31.246866719186418,20944.5,14400.0, HISENSE CONECT, 12K,Adjudicado e Homologado,"Televisor
Características Adicionais: 4k, 3d E Smart Tv, Mínimo: 2 Usb, 3 Hdmi, Wi-Fi In
Tamanho Tela: 75 POL
Tipo Tela: Led
Voltagem: 110/267",791181,CENT.INTEND.DA MARINHA EM S.PEDRO DA ALDEIA,37,2023,SRP - Registro de Preço,"Registro de preços para aquisição de material permanente de eletrodomésticos, eletroeletrônicos e condicionadores de ar para as Organizações Militares (OM) apoiadas pelo Complexo Aeronaval de São Pedro da Aldeia.",2498.98,2400.0,ADRIANA PEREIRA CAMELLO,A.L.R. PEREIRA COMERCIO ATACADISTA DE MAQUINAS E PECAS,31.888.692/0001-80,,,,,,
N/A,117,439607,Televisor 75” (Cota Reservada ME-EPP),Unidade,6.0,4925.33,N/A,,,,,,Anulado e Homologado,"Televisor
Características Adicionais: 4k, 3d E Smart Tv, Mínimo: 2 Usb, 3 Hdmi, Wi-Fi In
Tamanho Tela: 75 POL
Tipo Tela: Led
Voltagem: 110/268",791181,CENT.INTEND.DA MARINHA EM S.PEDRO DA ALDEIA,37,2023,SRP - Registro de Preço,"Registro de preços para aquisição de material permanente de eletrodomésticos, eletroeletrônicos e condicionadores de ar para as Organizações Militares (OM) apoiadas pelo Complexo Aeronaval de São Pedro da Aldeia.",N/A,N/A,,,,,,,,,
N/A,118,439607,Televisor 75” (Cota Reservada ME-EPP),Unidade,11.0,4216.33,2800.0,33.59153576688732,46379.63,30800.0, CONTINENTAL, TC56,Adjudicado e Homologado,"Televisor
Características Adicionais: 4k, 3d E Smart Tv, Mínimo: 2 Usb, 3 Hdmi, Wi-Fi In
Tamanho Tela: 75 POL
Tipo Tela: Led
Voltagem: 110/269",791181,CENT.INTEND.DA MARINHA EM S.PEDRO DA ALDEIA,37,2023,SRP - Registro de Preço,"Registro de preços para aquisição de material permanente de eletrodomésticos, eletroeletrônicos e condicionadores de ar para as Organizações Militares (OM) apoiadas pelo Complexo Aeronaval de São Pedro da Aldeia.",2800.0,N/A,ADRIANA PEREIRA CAMELLO,PRIMER SOLUCOES LTDA,47.725.628/0001-18,,,,,,
N/A,119,439607,Televisor 75” (Cota Reservada ME-EPP),Unidade,17.0,2835.08,1502.05,47.01913173525968,48196.36,25534.85, MULTILASER, TL067M,Adjudicado e Homologado,"Televisor
Características Adicionais: 4k, 3d E Smart Tv, Mínimo: 2 Usb, 3 Hdmi, Wi-Fi In
Tamanho Tela: 75 POL
Tipo Tela: Led
Voltagem: 110/270",791181,CENT.INTEND.DA MARINHA EM S.PEDRO DA ALDEIA,37,2023,SRP - Registro de Preço,"Registro de preços para aquisição de material permanente de eletrodomésticos, eletroeletrônicos e condicionadores de ar para as Organizações Militares (OM) apoiadas pelo Complexo Aeronaval de São Pedro da Aldeia.",1502.05,N/A,ADRIANA PEREIRA CAMELLO,BT COMERCIO INTELIGENTE LTDA,45.329.312/0001-81,,,,,,
N/A,120,439607,Televisor 75” (Cota Reservada ME-EPP),Unidade,11.0,2254.46,1011.25,55.14446918552558,24799.06,11123.75, HQ, 32'',Adjudicado e Homologado,"Televisor
Características Adicionais: 4k, 3d E Smart Tv, Mínimo: 2 Usb, 3 Hdmi, Wi-Fi In
Tamanho Tela: 75 POL
Tipo Tela: Led
Voltagem: 110/271",791181,CENT.INTEND.DA MARINHA EM S.PEDRO DA ALDEIA,37,2023,SRP - Registro de Preço,"Registro de preços para aquisição de material permanente de eletrodomésticos, eletroeletrônicos e condicionadores de ar para as Organizações Militares (OM) apoiadas pelo Complexo Aeronaval de São Pedro da Aldeia.",1011.25,N/A,ADRIANA PEREIRA CAMELLO,M & B COMERCIO E IMPORTACAO LTDA,51.037.201/0001-02,,,,,,
,121,439607,Televisor 75” (Cota Reservada ME-EPP),,,,,,,,,,,"Televisor
Características Adicionais: 4k, 3d E Smart Tv, Mínimo: 2 Usb, 3 Hdmi, Wi-Fi In
Tamanho Tela: 75 POL
Tipo Tela: Led
Voltagem: 110/272",,,,,,,,,,,,,,,,,
,122,439607,Televisor 75” (Cota Reservada ME-EPP),,,,,,,,,,,"Televisor
Características Adicionais: 4k, 3d E Smart Tv, Mínimo: 2 Usb, 3 Hdmi, Wi-Fi In
Tamanho Tela: 75 POL
Tipo Tela: Led
Voltagem: 110/273",,,,,,,,,,,,,,,,,
N/A,123,439607,Televisor 75” (Cota Reservada ME-EPP),Unidade,1.0,20616.67,17995.0,12.716263101655112,20616.67,17995.0, EVEREST, EGC150 MA/140,Adjudicado e Homologado,"Televisor
Características Adicionais: 4k, 3d E Smart Tv, Mínimo: 2 Usb, 3 Hdmi, Wi-Fi In
Tamanho Tela: 75 POL
Tipo Tela: Led
Voltagem: 110/274",791181,CENT.INTEND.DA MARINHA EM S.PEDRO DA ALDEIA,37,2023,SRP - Registro de Preço,"Registro de preços para aquisição de material permanente de eletrodomésticos, eletroeletrônicos e condicionadores de ar para as Organizações Militares (OM) apoiadas pelo Complexo Aeronaval de São Pedro da Aldeia.",17995.0,N/A,ADRIANA PEREIRA CAMELLO,AGUIA COMERCIO DE EQUIPAMENTOS LTDA,53.623.332/0001-99,,,,,,
,124,439607,Televisor 75” (Cota Reservada ME-EPP),,,,,,,,,,,"Televisor
Características Adicionais: 4k, 3d E Smart Tv, Mínimo: 2 Usb, 3 Hdmi, Wi-Fi In
Tamanho Tela: 75 POL
Tipo Tela: Led
Voltagem: 110/275",,,,,,,,,,,,,,,,,
N/A,125,439607,Televisor 75” (Cota Reservada ME-EPP),Unidade,1.0,17299.97,14401.0,16.7570810816435,17299.97,14401.0, metvisa/img, B30F220M605,Adjudicado e Homologado,"Televisor
Características Adicionais: 4k, 3d E Smart Tv, Mínimo: 2 Usb, 3 Hdmi, Wi-Fi In
Tamanho Tela: 75 POL
Tipo Tela: Led
Voltagem: 110/276",791181,CENT.INTEND.DA MARINHA EM S.PEDRO DA ALDEIA,37,2023,SRP - Registro de Preço,"Registro de preços para aquisição de material permanente de eletrodomésticos, eletroeletrônicos e condicionadores de ar para as Organizações Militares (OM) apoiadas pelo Complexo Aeronaval de São Pedro da Aldeia.",14401.0,N/A,ADRIANA PEREIRA CAMELLO,ANA PAULA SARTI PAULUS LTDA,48.844.664/0001-63,,,,,,
,126,439607,Televisor 75” (Cota Reservada ME-EPP),,,,,,,,,,,"Televisor
Características Adicionais: 4k, 3d E Smart Tv, Mínimo: 2 Usb, 3 Hdmi, Wi-Fi In
Tamanho Tela: 75 POL
Tipo Tela: Led
Voltagem: 110/277",,,,,,,,,,,,,,,,,
,127,439607,Televisor 75” (Cota Reservada ME-EPP),,,,,,,,,,,"Televisor
Características Adicionais: 4k, 3d E Smart Tv, Mínimo: 2 Usb, 3 Hdmi, Wi-Fi In
Tamanho Tela: 75 POL
Tipo Tela: Led
Voltagem: 110/278",,,,,,,,,,,,,,,,,
,128,439607,Televisor 75” (Cota Reservada ME-EPP),,,,,,,,,,,"Televisor
Características Adicionais: 4k, 3d E Smart Tv, Mínimo: 2 Usb, 3 Hdmi, Wi-Fi In
Tamanho Tela: 75 POL
Tipo Tela: Led
Voltagem: 110/279",,,,,,,,,,,,,,,,,
,129,439607,Televisor 75” (Cota Reservada ME-EPP),,,,,,,,,,,"Televisor
Características Adicionais: 4k, 3d E Smart Tv, Mínimo: 2 Usb, 3 Hdmi, Wi-Fi In
Tamanho Tela: 75 POL
Tipo Tela: Led
Voltagem: 110/280",,,,,,,,,,,,,,,,,
,130,439607,Televisor 75” (Cota Reservada ME-EPP),,,,,,,,,,,"Televisor
Características Adicionais: 4k, 3d E Smart Tv, Mínimo: 2 Usb, 3 Hdmi, Wi-Fi In
Tamanho Tela: 75 POL
Tipo Tela: Led
Voltagem: 110/281",,,,,,,,,,,,,,,,,
